Date,Close
2013-02-12,20.17
2013-02-13,20.24
2013-02-14,20.38
2013-02-15,20.33
2013-02-19,20.52
2013-02-20,20.3
2013-02-21,19.93
2013-02-22,20.24
2013-02-25,20.01
2013-02-26,20.1
2013-02-27,20.28
2013-02-28,20.36
2013-03-01,20.36
2013-03-04,20.43
2013-03-05,20.53
2013-03-06,20.58
2013-03-07,20.62
2013-03-08,20.68
2013-03-11,20.85
2013-03-12,20.74
2013-03-13,20.81
2013-03-14,20.97
2013-03-15,20.86
2013-03-18,20.71
2013-03-19,20.45
2013-03-20,20.52
2013-03-21,20.48
2013-03-22,20.59
2013-03-25,20.56
2013-03-26,20.45
2013-03-27,20.49
2013-03-28,20.44
2013-04-01,20.16
2013-04-02,20.2
2013-04-03,19.84
2013-04-04,19.89
2013-04-05,19.85
2013-04-08,20.08
2013-04-09,19.94
2013-04-10,20.14
2013-04-11,20.0
2013-04-12,19.88
2013-04-15,19.45
2013-04-16,19.6
2013-04-17,19.27
2013-04-18,19.23
2013-04-19,19.39
2013-04-22,19.84
2013-04-23,20.11
2013-04-24,20.2
2013-04-25,20.31
2013-04-26,20.37
2013-04-29,20.68
2013-04-30,20.76
2013-05-01,20.15
2013-05-02,20.4
2013-05-03,20.58
2013-05-06,20.53
2013-05-07,20.52
2013-05-08,20.62
2013-05-09,20.42
2013-05-10,20.45
2013-05-13,20.46
2013-05-14,20.71
2013-05-15,20.75
2013-05-16,20.55
2013-05-17,20.65
2013-05-20,20.73
2013-05-21,20.75
2013-05-22,20.49
2013-05-23,20.37
2013-05-24,20.4
2013-05-28,20.37
2013-05-29,20.14
2013-05-30,20.29
2013-05-31,19.98
2013-06-03,19.76
2013-06-04,19.65
2013-06-05,19.47
2013-06-06,19.7
2013-06-07,19.86
2013-06-10,19.95
2013-06-11,19.7
2013-06-12,19.48
2013-06-13,19.82
2013-06-14,19.91
2013-06-17,19.98
2013-06-18,20.03
2013-06-19,19.79
2013-06-20,19.37
2013-06-21,19.32
2013-06-24,19.26
2013-06-25,19.25
2013-06-26,19.47
2013-06-27,19.8
2013-06-28,19.93
2013-07-01,19.78
2013-07-02,19.65
2013-07-03,19.65
2013-07-05,19.67
2013-07-08,19.84
2013-07-09,19.91
2013-07-10,19.99
2013-07-11,20.3
2013-07-12,20.21
2013-07-15,20.4
2013-07-16,20.36
2013-07-17,20.4
2013-07-18,20.51
2013-07-19,20.35
2013-07-22,20.47
2013-07-23,20.69
2013-07-24,20.39
2013-07-25,20.51
2013-07-26,20.5
2013-07-29,20.39
2013-07-30,20.39
2013-07-31,20.42
2013-08-01,20.44
2013-08-02,20.52
2013-08-05,20.42
2013-08-06,20.33
2013-08-07,20.09
2013-08-08,20.14
2013-08-09,20.26
2013-08-12,20.21
2013-08-13,20.14
2013-08-14,20.1
2013-08-15,19.86
2013-08-16,19.85
2013-08-19,19.56
2013-08-20,19.87
2013-08-21,19.9
2013-08-22,20.07
2013-08-23,20.12
2013-08-26,20.11
2013-08-27,19.86
2013-08-28,19.85
2013-08-29,19.97
2013-08-30,19.79
2013-09-03,19.77
2013-09-04,20.04
2013-09-05,20.05
2013-09-06,20.12
2013-09-09,20.28
2013-09-10,20.45
2013-09-11,20.4
2013-09-12,20.39
2013-09-13,20.41
2013-09-16,20.49
2013-09-17,20.58
2013-09-18,20.8
2013-09-19,20.58
2013-09-20,20.47
2013-09-23,20.49
2013-09-24,20.53
2013-09-25,20.67
2013-09-26,20.51
2013-09-27,20.54
2013-09-30,20.55
2013-10-01,20.3
2013-10-02,20.1
2013-10-03,20.05
2013-10-04,20.14
2013-10-07,19.97
2013-10-08,19.94
2013-10-09,19.9
2013-10-10,20.18
2013-10-11,20.36
2013-10-14,20.28
2013-10-15,20.13
2013-10-16,20.19
2013-10-17,20.45
2013-10-18,20.55
2013-10-21,20.57
2013-10-22,20.65
2013-10-23,20.73
2013-10-24,20.83
2013-10-25,20.8
2013-10-28,20.83
2013-10-29,20.74
2013-10-30,20.68
2013-10-31,20.54
2013-11-01,20.42
2013-11-04,20.61
2013-11-05,20.64
2013-11-06,20.62
2013-11-07,20.39
2013-11-08,20.55
2013-11-11,20.75
2013-11-12,20.7
2013-11-13,20.78
2013-11-14,20.81
2013-11-15,21.03
2013-11-18,21.01
2013-11-19,21.01
2013-11-20,21.06
2013-11-21,21.28
2013-11-22,21.42
2013-11-25,21.43
2013-11-26,21.42
2013-11-27,21.53
2013-11-29,21.57
2013-12-02,21.33
2013-12-03,21.02
2013-12-04,21.23
2013-12-05,21.09
2013-12-06,21.27
2013-12-09,21.26
2013-12-10,21.13
2013-12-11,21.04
2013-12-12,20.96
2013-12-13,20.87
2013-12-16,20.89
2013-12-17,20.95
2013-12-18,21.23
2013-12-19,20.94
2013-12-20,21.25
2013-12-23,21.18
2013-12-24,21.41
2013-12-26,21.29
2013-12-27,20.96
2013-12-30,20.95
2013-12-31,20.98
2014-01-02,20.75
2014-01-03,20.93
2014-01-06,20.95
2014-01-07,20.94
2014-01-08,20.83
2014-01-09,20.94
2014-01-10,21.08
2014-01-13,20.97
2014-01-14,21.06
2014-01-15,21.22
2014-01-16,21.28
2014-01-17,21.2
2014-01-21,21.4
2014-01-22,21.47
2014-01-23,21.42
2014-01-24,21.06
2014-01-27,20.86
2014-01-28,21.01
2014-01-29,20.76
2014-01-30,21.09
2014-01-31,20.86
2014-02-03,20.4
2014-02-04,20.56
2014-02-05,20.5
2014-02-06,20.67
2014-02-07,20.84
2014-02-10,20.94
2014-02-11,20.95
2014-02-12,20.98
2014-02-13,21.2
2014-02-14,21.2
2014-02-18,21.39
2014-02-19,21.21
2014-02-20,21.46
2014-02-21,21.45
2014-02-24,21.55
2014-02-25,21.05
2014-02-26,21.12
2014-02-27,21.16
2014-02-28,21.21
2014-03-03,21.18
2014-03-04,21.01
2014-03-05,20.9
2014-03-06,20.99
2014-03-07,20.79
2014-03-10,20.92
2014-03-11,20.72
2014-03-12,20.96
2014-03-13,20.73
2014-03-14,20.64
2014-03-17,20.57
2014-03-18,20.6
2014-03-19,20.46
2014-03-20,20.63
2014-03-21,20.52
2014-03-24,20.63
2014-03-25,20.67
2014-03-26,20.47
2014-03-27,20.48
2014-03-28,20.39
2014-03-31,20.77
2014-04-01,20.37
2014-04-02,20.51
2014-04-03,20.45
2014-04-04,20.36
2014-04-07,20.21
2014-04-08,20.1
2014-04-09,20.22
2014-04-10,19.93
2014-04-11,19.8
2014-04-14,19.84
2014-04-15,19.88
2014-04-16,20.0
2014-04-17,19.98
2014-04-21,19.98
2014-04-22,20.11
2014-04-23,20.14
2014-04-24,20.1
2014-04-25,19.98
2014-04-28,19.79
2014-04-29,19.81
2014-04-30,19.88
2014-05-01,19.81
2014-05-02,19.81
2014-05-05,19.82
2014-05-06,19.66
2014-05-07,19.64
2014-05-08,19.42
2014-05-09,19.36
2014-05-12,19.61
2014-05-13,19.51
2014-05-14,19.44
2014-05-15,19.34
2014-05-16,19.3
2014-05-19,19.53
2014-05-20,19.42
2014-05-21,19.47
2014-05-22,19.61
2014-05-23,19.76
2014-05-27,19.84
2014-05-28,19.84
2014-05-29,19.94
2014-05-30,19.88
2014-06-02,19.83
2014-06-03,19.82
2014-06-04,19.72
2014-06-05,19.81
2014-06-06,20.02
2014-06-09,20.09
2014-06-10,20.09
2014-06-11,20.09
2014-06-12,20.08
2014-06-13,20.09
2014-06-16,20.12
2014-06-17,20.26
2014-06-18,20.34
2014-06-19,20.29
2014-06-20,20.25
2014-06-23,20.35
2014-06-24,20.32
2014-06-25,20.39
2014-06-26,20.75
2014-06-27,20.74
2014-06-30,21.07
2014-07-01,20.79
2014-07-02,20.83
2014-07-03,20.73
2014-07-07,20.65
2014-07-08,20.45
2014-07-09,20.62
2014-07-10,20.47
2014-07-11,20.49
2014-07-14,20.55
2014-07-15,20.55
2014-07-16,20.46
2014-07-17,20.29
2014-07-18,20.4
2014-07-21,20.43
2014-07-22,20.33
2014-07-23,20.46
2014-07-24,20.54
2014-07-25,20.64
2014-07-28,20.56
2014-07-29,20.45
2014-07-30,20.39
2014-07-31,20.0
2014-08-01,19.99
2014-08-04,20.05
2014-08-05,19.96
2014-08-06,20.05
2014-08-07,20.13
2014-08-08,20.16
2014-08-11,20.25
2014-08-12,20.19
2014-08-13,20.24
2014-08-14,20.26
2014-08-15,20.28
2014-08-18,20.44
2014-08-19,20.43
2014-08-20,20.45
2014-08-21,20.49
2014-08-22,20.45
2014-08-25,20.49
2014-08-26,20.49
2014-08-27,20.46
2014-08-28,20.49
2014-08-29,20.56
2014-09-02,20.59
2014-09-03,20.54
2014-09-04,20.57
2014-09-05,20.58
2014-09-08,20.52
2014-09-09,20.46
2014-09-10,20.5
2014-09-11,20.52
2014-09-12,20.45
2014-09-15,20.23
2014-09-16,20.25
2014-09-17,20.28
2014-09-18,20.22
2014-09-19,20.04
2014-09-22,19.86
2014-09-23,19.8
2014-09-24,19.89
2014-09-25,19.72
2014-09-26,19.83
2014-09-29,19.76
2014-09-30,19.6
2014-10-01,19.09
2014-10-02,19.03
2014-10-03,19.16
2014-10-06,19.17
2014-10-07,19.02
2014-10-08,19.04
2014-10-09,18.88
2014-10-10,18.52
2014-10-13,18.32
2014-10-14,18.25
2014-10-15,17.99
2014-10-16,18.58
2014-10-17,18.83
2014-10-20,18.89
2014-10-21,19.09
2014-10-22,19.01
2014-10-23,18.91
2014-10-24,19.03
2014-10-27,19.09
2014-10-28,19.12
2014-10-29,19.21
2014-10-30,19.2
2014-10-31,19.4
2014-11-03,19.24
2014-11-04,19.13
2014-11-05,19.24
2014-11-06,19.26
2014-11-07,19.47
2014-11-10,19.47
2014-11-11,19.48
2014-11-12,19.5
2014-11-13,19.47
2014-11-14,19.45
2014-11-17,19.39
2014-11-18,19.45
2014-11-19,19.42
2014-11-20,19.48
2014-11-21,19.39
2014-11-24,19.4
2014-11-25,19.5
2014-11-26,19.5
2014-11-28,19.43
2014-12-01,19.06
2014-12-02,19.08
2014-12-03,19.13
2014-12-04,19.1
2014-12-05,19.06
2014-12-08,18.6
2014-12-09,18.71
2014-12-10,18.44
2014-12-11,18.25
2014-12-12,17.94
2014-12-15,17.85
2014-12-16,17.62
2014-12-17,17.91
2014-12-18,18.53
2014-12-19,18.62
2014-12-22,18.36
2014-12-23,18.48
2014-12-24,18.53
2014-12-26,18.47
2014-12-29,17.93
2014-12-30,17.94
2014-12-31,17.93
2015-01-02,18.12
2015-01-05,17.97
2015-01-06,17.78
2015-01-07,17.85
2015-01-08,18.1
2015-01-09,18.02
2015-01-12,18.01
2015-01-13,17.86
2015-01-14,17.64
2015-01-15,17.48
2015-01-16,17.54
2015-01-20,17.51
2015-01-21,17.67
2015-01-22,17.77
2015-01-23,17.75
2015-01-26,17.81
2015-01-27,17.86
2015-01-28,17.71
2015-01-29,17.72
2015-01-30,17.71
2015-02-02,17.7
2015-02-03,18.09
2015-02-04,18.04
2015-02-05,18.26
2015-02-06,18.43
2015-02-09,18.24
2015-02-10,18.12
2015-02-11,18.0
2015-02-12,18.2
2015-02-13,18.34
2015-02-17,18.45
2015-02-18,18.44
2015-02-19,18.5
2015-02-20,18.58
2015-02-23,18.57
2015-02-24,18.58
2015-02-25,18.65
2015-02-26,18.57
2015-02-27,18.68
2015-03-02,18.7
2015-03-03,18.78
2015-03-04,18.75
2015-03-05,18.82
2015-03-06,18.72
2015-03-09,18.72
2015-03-10,18.56
2015-03-11,18.52
2015-03-12,18.6
2015-03-13,18.61
2015-03-16,18.58
2015-03-17,18.54
2015-03-18,18.53
2015-03-19,18.5
2015-03-20,18.71
2015-03-23,18.73
2015-03-24,18.73
2015-03-25,18.79
2015-03-26,18.76
2015-03-27,18.74
2015-03-30,18.74
2015-03-31,18.7
2015-04-01,18.22
2015-04-02,18.41
2015-04-06,18.48
2015-04-07,18.48
2015-04-08,18.39
2015-04-09,18.45
2015-04-10,18.4
2015-04-13,18.4
2015-04-14,18.45
2015-04-15,18.49
2015-04-16,18.54
2015-04-17,18.53
2015-04-20,18.55
2015-04-21,18.5
2015-04-22,18.57
2015-04-23,18.72
2015-04-24,18.68
2015-04-27,18.59
2015-04-28,18.63
2015-04-29,18.66
2015-04-30,18.56
2015-05-01,18.57
2015-05-04,18.42
2015-05-05,18.23
2015-05-06,18.06
2015-05-07,18.02
2015-05-08,18.0
2015-05-11,18.13
2015-05-12,18.06
2015-05-13,18.14
2015-05-14,18.19
2015-05-15,18.27
2015-05-18,18.29
2015-05-19,18.34
2015-05-20,18.31
2015-05-21,18.28
2015-05-22,18.32
2015-05-26,18.27
2015-05-27,18.3
2015-05-28,18.33
2015-05-29,18.34
2015-06-01,18.23
2015-06-02,18.34
2015-06-03,18.42
2015-06-04,18.31
2015-06-05,18.29
2015-06-08,18.13
2015-06-09,18.06
2015-06-10,18.02
2015-06-11,18.08
2015-06-12,18.15
2015-06-15,18.01
2015-06-16,18.07
2015-06-17,18.09
2015-06-18,18.2
2015-06-19,18.2
2015-06-22,18.15
2015-06-23,18.28
2015-06-24,18.22
2015-06-25,18.15
2015-06-26,18.07
2015-06-29,17.83
2015-06-30,17.89
2015-07-01,17.44
2015-07-02,17.44
2015-07-06,17.43
2015-07-07,17.41
2015-07-08,17.31
2015-07-09,17.32
2015-07-10,17.48
2015-07-13,17.56
2015-07-14,17.65
2015-07-15,17.64
2015-07-16,17.75
2015-07-17,17.6
2015-07-20,17.5
2015-07-21,17.44
2015-07-22,17.26
2015-07-23,17.1
2015-07-24,16.81
2015-07-27,16.58
2015-07-28,16.74
2015-07-29,16.94
2015-07-30,17.04
2015-07-31,17.01
2015-08-03,16.88
2015-08-04,16.86
2015-08-05,16.89
2015-08-06,16.96
2015-08-07,16.99
2015-08-10,17.23
2015-08-11,17.24
2015-08-12,17.29
2015-08-13,17.3
2015-08-14,17.38
2015-08-17,17.35
2015-08-18,17.32
2015-08-19,17.27
2015-08-20,17.1
2015-08-21,16.82
2015-08-24,16.22
2015-08-25,16.27
2015-08-26,16.43
2015-08-27,16.75
2015-08-28,17.09
2015-08-31,17.14
2015-09-01,16.78
2015-09-02,16.92
2015-09-03,17.03
2015-09-04,16.97
2015-09-08,17.13
2015-09-09,17.04
2015-09-10,17.01
2015-09-11,16.95
2015-09-14,16.77
2015-09-15,16.75
2015-09-16,16.9
2015-09-17,16.85
2015-09-18,16.61
2015-09-21,16.69
2015-09-22,16.61
2015-09-23,16.57
2015-09-24,16.57
2015-09-25,16.57
2015-09-28,15.81
2015-09-29,15.4
2015-09-30,15.71
2015-10-01,15.88
2015-10-02,15.65
2015-10-05,15.86
2015-10-06,15.98
2015-10-07,16.24
2015-10-08,16.32
2015-10-09,16.27
2015-10-12,16.2
2015-10-13,16.06
2015-10-14,16.03
2015-10-15,16.09
2015-10-16,16.14
2015-10-19,16.17
2015-10-20,16.19
2015-10-21,16.07
2015-10-22,16.18
2015-10-23,16.29
2015-10-26,16.18
2015-10-27,15.92
2015-10-28,16.08
2015-10-29,16.04
2015-10-30,16.04
2015-11-02,16.18
2015-11-03,16.32
2015-11-04,16.31
2015-11-05,16.49
2015-11-06,16.65
2015-11-09,16.61
2015-11-10,16.52
2015-11-11,16.53
2015-11-12,16.47
2015-11-13,16.44
2015-11-16,16.68
2015-11-17,16.62
2015-11-18,16.62
2015-11-19,16.77
2015-11-20,16.72
2015-11-23,16.84
2015-11-24,16.9
2015-11-25,17.13
2015-11-27,17.21
2015-11-30,17.32
2015-12-01,17.31
2015-12-02,17.19
2015-12-03,17.13
2015-12-04,17.21
2015-12-07,16.73
2015-12-08,16.54
2015-12-09,16.27
2015-12-10,16.44
2015-12-11,15.92
2015-12-14,15.29
2015-12-15,15.88
2015-12-16,16.12
2015-12-17,16.12
2015-12-18,15.92
2015-12-21,15.97
2015-12-22,16.08
2015-12-23,16.49
2015-12-24,16.61
2015-12-28,16.25
2015-12-29,15.85
2015-12-30,15.77
2015-12-31,15.77
2016-01-04,15.89
2016-01-05,15.99
2016-01-06,16.0
2016-01-07,15.65
2016-01-08,15.54
2016-01-11,15.2
2016-01-12,15.07
2016-01-13,14.68
2016-01-14,14.63
2016-01-15,14.4
2016-01-19,14.35
2016-01-20,14.03
2016-01-21,14.27
2016-01-22,14.67
2016-01-25,14.52
2016-01-26,14.76
2016-01-27,14.68
2016-01-28,14.75
2016-01-29,14.8
2016-02-01,14.9
2016-02-02,14.63
2016-02-03,14.72
2016-02-04,14.77
2016-02-05,14.7
2016-02-08,14.28
2016-02-09,13.99
2016-02-10,14.02
2016-02-11,13.68
2016-02-12,13.94
2016-02-16,14.14
2016-02-17,14.47
2016-02-18,14.51
2016-02-19,14.32
2016-02-22,14.39
2016-02-23,14.39
2016-02-24,14.45
2016-02-25,14.68
2016-02-26,14.9
2016-02-29,15.11
2016-03-01,15.27
2016-03-02,15.42
2016-03-03,15.58
2016-03-04,15.64
2016-03-07,15.8
2016-03-08,15.59
2016-03-09,15.55
2016-03-10,15.51
2016-03-11,15.79
2016-03-14,15.83
2016-03-15,15.79
2016-03-16,15.94
2016-03-17,16.16
2016-03-18,16.17
2016-03-21,16.29
2016-03-22,16.33
2016-03-23,16.08
2016-03-24,16.22
2016-03-28,16.23
2016-03-29,16.4
2016-03-30,16.38
2016-03-31,16.49
2016-04-01,16.3
2016-04-04,16.06
2016-04-05,16.0
2016-04-06,16.14
2016-04-07,16.03
2016-04-08,16.09
2016-04-11,16.15
2016-04-12,16.31
2016-04-13,16.38
2016-04-14,16.34
2016-04-15,16.32
2016-04-18,16.28
2016-04-19,16.43
2016-04-20,16.43
2016-04-21,16.34
2016-04-22,16.44
2016-04-25,16.48
2016-04-26,16.58
2016-04-27,16.6
2016-04-28,16.38
2016-04-29,16.43
2016-05-02,16.28
2016-05-03,16.18
2016-05-04,16.23
2016-05-05,16.08
2016-05-06,16.14
2016-05-09,16.03
2016-05-10,16.25
2016-05-11,16.29
2016-05-12,16.29
2016-05-13,16.26
2016-05-16,16.27
2016-05-17,16.28
2016-05-18,16.19
2016-05-19,15.93
2016-05-20,16.0
2016-05-23,16.02
2016-05-24,16.16
2016-05-25,16.23
2016-05-26,16.21
2016-05-27,16.27
2016-05-31,16.26
2016-06-01,16.31
2016-06-02,16.34
2016-06-03,16.35
2016-06-06,16.41
2016-06-07,16.41
2016-06-08,16.37
2016-06-09,16.35
2016-06-10,16.35
2016-06-13,16.33
2016-06-14,16.18
2016-06-15,16.27
2016-06-16,16.33
2016-06-17,16.31
2016-06-20,16.44
2016-06-21,16.48
2016-06-22,16.45
2016-06-23,16.58
2016-06-24,16.51
2016-06-27,16.19
2016-06-28,16.44
2016-06-29,16.66
2016-06-30,16.66
2016-07-01,16.48
2016-07-05,16.34
2016-07-06,16.4
2016-07-07,16.44
2016-07-08,16.45
2016-07-11,16.57
2016-07-12,16.67
2016-07-13,16.61
2016-07-14,16.61
2016-07-15,16.75
2016-07-18,16.87
2016-07-19,16.93
2016-07-20,16.99
2016-07-21,16.97
2016-07-22,17.04
2016-07-25,17.17
2016-07-26,17.18
2016-07-27,17.15
2016-07-28,17.14
2016-07-29,17.15
2016-08-01,17.17
2016-08-02,17.08
2016-08-03,17.25
2016-08-04,17.3
2016-08-05,17.29
2016-08-08,17.29
2016-08-09,17.39
2016-08-10,17.4
2016-08-11,17.42
2016-08-12,17.47
2016-08-15,17.5
2016-08-16,17.5
2016-08-17,17.52
2016-08-18,17.66
2016-08-19,17.65
2016-08-22,17.71
2016-08-23,17.75
2016-08-24,17.77
2016-08-25,17.71
2016-08-26,17.8
2016-08-29,17.97
2016-08-30,18.1
2016-08-31,18.02
2016-09-01,17.98
2016-09-02,18.07
2016-09-06,18.07
2016-09-07,18.07
2016-09-08,18.04
2016-09-09,17.71
2016-09-12,17.61
2016-09-13,17.39
2016-09-14,17.37
2016-09-15,17.54
2016-09-16,17.49
2016-09-19,17.57
2016-09-20,17.66
2016-09-21,17.69
2016-09-22,17.75
2016-09-23,17.76
2016-09-26,17.69
2016-09-27,17.73
2016-09-28,17.78
2016-09-29,17.78
2016-09-30,17.8
2016-10-03,17.45
2016-10-04,17.43
2016-10-05,17.5
2016-10-06,17.41
2016-10-07,17.37
2016-10-10,17.4
2016-10-11,17.35
2016-10-12,17.36
2016-10-13,17.39
2016-10-14,17.23
2016-10-17,17.14
2016-10-18,17.19
2016-10-19,17.29
2016-10-20,17.2
2016-10-21,17.27
2016-10-24,17.42
2016-10-25,17.48
2016-10-26,17.37
2016-10-27,17.33
2016-10-28,17.34
2016-10-31,17.23
2016-11-01,17.02
2016-11-02,16.85
2016-11-03,16.65
2016-11-04,16.63
2016-11-07,16.81
2016-11-08,16.89
2016-11-09,17.15
2016-11-10,17.36
2016-11-11,17.46
2016-11-14,17.41
2016-11-15,17.45
2016-11-16,17.44
2016-11-17,17.56
2016-11-18,17.69
2016-11-21,17.72
2016-11-22,17.7
2016-11-23,17.73
2016-11-25,18.0
2016-11-28,17.88
2016-11-29,17.92
2016-11-30,17.87
2016-12-01,17.88
2016-12-02,17.79
2016-12-05,17.9
2016-12-06,17.94
2016-12-07,18.0
2016-12-08,18.13
2016-12-09,18.22
2016-12-12,18.21
2016-12-13,18.18
2016-12-14,18.05
2016-12-15,17.95
2016-12-16,18.07
2016-12-19,18.16
2016-12-20,18.24
2016-12-21,18.31
2016-12-22,18.29
2016-12-23,18.27
2016-12-27,18.34
2016-12-28,17.87
2016-12-29,18.05
2016-12-30,18.01
2017-01-03,18.15
2017-01-04,18.47
2017-01-05,18.43
2017-01-06,18.42
2017-01-09,18.31
2017-01-10,18.33
2017-01-11,18.41
2017-01-12,18.32
2017-01-13,18.4
2017-01-17,18.4
2017-01-18,18.41
2017-01-19,18.29
2017-01-20,18.33
2017-01-23,18.36
2017-01-24,18.4
2017-01-25,18.44
2017-01-26,18.41
2017-01-27,18.42
2017-01-30,18.34
2017-01-31,18.19
2017-02-01,18.39
2017-02-02,18.35
2017-02-03,18.59
2017-02-06,18.73
2017-02-07,18.72
2017-02-08,18.73
2017-02-09,18.68
2017-02-10,18.82
2017-02-13,18.9
2017-02-14,19.01
2017-02-15,19.1
2017-02-16,19.02
2017-02-17,19.13
2017-02-21,19.15
2017-02-22,19.19
2017-02-23,19.22
2017-02-24,19.2
2017-02-27,19.16
2017-02-28,19.08
2017-03-01,19.15
2017-03-02,19.02
2017-03-03,18.97
2017-03-06,18.91
2017-03-07,18.92
2017-03-08,18.82
2017-03-09,18.62
2017-03-10,18.8
2017-03-13,18.86
2017-03-14,18.79
2017-03-15,18.91
2017-03-16,18.91
2017-03-17,19.09
2017-03-20,19.16
2017-03-21,18.85
2017-03-22,18.79
2017-03-23,18.86
2017-03-24,18.91
2017-03-27,18.92
2017-03-28,19.02
2017-03-29,19.13
2017-03-30,19.22
2017-03-31,19.27
2017-04-03,18.93
2017-04-04,18.92
2017-04-05,18.79
2017-04-06,18.92
2017-04-07,18.88
2017-04-10,18.88
2017-04-11,18.91
2017-04-12,18.93
2017-04-13,18.81
2017-04-17,18.93
2017-04-18,18.95
2017-04-19,18.91
2017-04-20,18.91
2017-04-21,19.03
2017-04-24,19.08
2017-04-25,19.12
2017-04-26,19.18
2017-04-27,19.17
2017-04-28,19.16
2017-05-01,19.17
2017-05-02,19.22
2017-05-03,18.88
2017-05-04,18.56
2017-05-05,18.65
2017-05-08,18.54
2017-05-09,18.4
2017-05-10,18.14
2017-05-11,18.15
2017-05-12,18.03
2017-05-15,18.2
2017-05-16,18.24
2017-05-17,18.1
2017-05-18,18.09
2017-05-19,18.02
2017-05-22,18.16
2017-05-23,18.3
2017-05-24,18.32
2017-05-25,18.27
2017-05-26,18.29
2017-05-30,18.11
2017-05-31,18.0
2017-06-01,18.24
2017-06-02,18.2
2017-06-05,18.18
2017-06-06,18.09
2017-06-07,18.08
2017-06-08,18.09
2017-06-09,18.16
2017-06-12,18.23
2017-06-13,18.23
2017-06-14,18.15
2017-06-15,18.16
2017-06-16,18.18
2017-06-19,18.23
2017-06-20,18.09
2017-06-21,18.09
2017-06-22,18.06
2017-06-23,18.21
2017-06-26,18.3
2017-06-27,18.2
2017-06-28,18.2
2017-06-29,18.32
2017-06-30,18.36
2017-07-03,18.05
2017-07-05,18.03
2017-07-06,18.0
2017-07-07,17.95
2017-07-10,18.02
2017-07-11,17.96
2017-07-12,18.01
2017-07-13,18.01
2017-07-14,18.07
2017-07-17,18.12
2017-07-18,18.14
2017-07-19,18.1
2017-07-20,18.11
2017-07-21,18.14
2017-07-24,18.06
2017-07-25,18.13
2017-07-26,18.14
2017-07-27,18.16
2017-07-28,18.14
2017-07-31,18.1
2017-08-01,18.1
2017-08-02,18.11
2017-08-03,18.0
2017-08-04,17.97
2017-08-07,18.02
2017-08-08,17.95
2017-08-09,17.94
2017-08-10,17.75
2017-08-11,17.64
2017-08-14,17.83
2017-08-15,17.83
2017-08-16,17.7
2017-08-17,17.49
2017-08-18,17.36
2017-08-21,17.25
2017-08-22,17.38
2017-08-23,17.45
2017-08-24,17.43
2017-08-25,17.4
2017-08-28,17.36
2017-08-29,17.33
2017-08-30,17.3
2017-08-31,17.15
2017-09-01,17.36
2017-09-05,17.2
2017-09-06,17.15
2017-09-07,17.16
2017-09-08,17.17
2017-09-11,17.22
2017-09-12,17.14
2017-09-13,17.23
2017-09-14,17.27
2017-09-15,17.27
2017-09-18,17.24
2017-09-19,17.31
2017-09-20,17.4
2017-09-21,17.33
2017-09-22,17.43
2017-09-25,17.41
2017-09-26,17.47
2017-09-27,17.5
2017-09-28,17.71
2017-09-29,17.86
2017-10-02,17.58
2017-10-03,17.5
2017-10-04,17.63
2017-10-05,17.63
2017-10-06,17.54
2017-10-09,17.5
2017-10-10,17.5
2017-10-11,17.42
2017-10-12,17.39
2017-10-13,17.36
2017-10-16,17.36
2017-10-17,17.24
2017-10-18,17.25
2017-10-19,17.3
2017-10-20,17.36
2017-10-23,17.33
2017-10-24,17.35
2017-10-25,17.1
2017-10-26,17.02
2017-10-27,17.08
2017-10-30,17.02
2017-10-31,17.0
2017-11-01,16.88
2017-11-02,16.56
2017-11-03,16.83
2017-11-06,16.85
2017-11-07,16.98
2017-11-08,17.13
2017-11-09,16.9
2017-11-10,17.02
2017-11-13,17.03
2017-11-14,17.09
2017-11-15,17.06
2017-11-16,17.13
2017-11-17,17.3
2017-11-20,17.35
2017-11-21,17.26
2017-11-22,17.28
2017-11-24,17.31
2017-11-27,17.2
2017-11-28,17.21
2017-11-29,17.23
2017-11-30,17.13
2017-12-01,17.11
2017-12-04,17.06
2017-12-05,17.01
2017-12-06,17.06
2017-12-07,17.06
2017-12-08,17.14
2017-12-11,17.16
2017-12-12,17.1
2017-12-13,17.04
2017-12-14,17.01
2017-12-15,17.03
2017-12-18,17.07
2017-12-19,16.96
2017-12-20,16.97
2017-12-21,17.1
2017-12-22,17.11
2017-12-26,17.06
2017-12-27,16.66
2017-12-28,16.65
2017-12-29,16.6
2018-01-02,16.72
2018-01-03,16.68
2018-01-04,16.61
2018-01-05,16.62
2018-01-08,16.73
2018-01-09,16.54
2018-01-10,16.48
2018-01-11,16.57
2018-01-12,16.71
2018-01-16,16.65
2018-01-17,16.65
2018-01-18,16.62
2018-01-19,16.68
2018-01-22,16.74
2018-01-23,16.8
2018-01-24,16.8
2018-01-25,16.73
2018-01-26,16.75
2018-01-29,16.65
2018-01-30,16.51
2018-01-31,16.35
2018-02-01,16.45
2018-02-02,16.23
2018-02-05,15.74
2018-02-06,15.91
2018-02-07,16.01
2018-02-08,15.92
2018-02-09,15.87
2018-02-12,15.98
2018-02-13,16.18
2018-02-14,16.17
2018-02-15,16.06
2018-02-16,16.22
2018-02-20,16.07
2018-02-21,16.0
2018-02-22,15.93
2018-02-23,15.95
2018-02-26,16.02
2018-02-27,15.91
2018-02-28,15.78
2018-03-01,15.77
2018-03-02,15.83
2018-03-05,16.07
2018-03-06,16.17
2018-03-07,16.1
2018-03-08,16.17
2018-03-09,16.17
2018-03-12,16.23
2018-03-13,16.27
2018-03-14,16.21
2018-03-15,16.03
2018-03-16,16.13
2018-03-19,16.11
2018-03-20,16.05
2018-03-21,16.05
2018-03-22,16.38
2018-03-23,16.1
2018-03-26,16.18
2018-03-27,16.09
2018-03-28,16.13
2018-03-29,16.26
2018-04-02,15.84
2018-04-03,15.89
2018-04-04,16.02
2018-04-05,16.15
2018-04-06,16.04
2018-04-09,16.03
2018-04-10,15.99
2018-04-11,16.03
2018-04-12,16.02
2018-04-13,15.97
2018-04-16,15.97
2018-04-17,16.06
2018-04-18,16.08
2018-04-19,16.07
2018-04-20,16.01
2018-04-23,15.97
2018-04-24,15.97
2018-04-25,15.93
2018-04-26,15.97
2018-04-27,16.06
2018-04-30,16.09
2018-05-01,16.03
2018-05-02,16.05
2018-05-03,16.09
2018-05-04,16.19
2018-05-07,16.34
2018-05-08,16.39
2018-05-09,16.4
2018-05-10,16.5
2018-05-11,16.53
2018-05-14,16.57
2018-05-15,16.51
2018-05-16,16.56
2018-05-17,16.56
2018-05-18,16.67
2018-05-21,16.69
2018-05-22,16.72
2018-05-23,16.74
2018-05-24,16.72
2018-05-25,16.75
2018-05-29,16.7
2018-05-30,16.76
2018-05-31,16.75
2018-06-01,16.79
2018-06-04,16.85
2018-06-05,16.78
2018-06-06,16.88
2018-06-07,16.92
2018-06-08,16.95
2018-06-11,16.9
2018-06-12,16.78
2018-06-13,16.81
2018-06-14,16.92
2018-06-15,16.88
2018-06-18,16.88
2018-06-19,16.88
2018-06-20,16.89
2018-06-21,16.82
2018-06-22,16.73
2018-06-25,16.67
2018-06-26,16.74
2018-06-27,16.68
2018-06-28,16.63
2018-06-29,16.64
2018-07-02,16.41
2018-07-03,16.52
2018-07-05,16.54
2018-07-06,16.58
2018-07-09,16.62
2018-07-10,16.64
2018-07-11,16.64
2018-07-12,16.6
2018-07-13,16.61
2018-07-16,16.65
2018-07-17,16.82
2018-07-18,17.06
2018-07-19,17.0
2018-07-20,16.93
2018-07-23,16.91
2018-07-24,16.96
2018-07-25,17.03
2018-07-26,16.98
2018-07-27,17.0
2018-07-30,17.02
2018-07-31,17.04
2018-08-01,17.14
2018-08-02,17.12
2018-08-03,17.23
2018-08-06,17.24
2018-08-07,17.31
2018-08-08,17.29
2018-08-09,17.29
2018-08-10,17.12
2018-08-13,17.11
2018-08-14,17.15
2018-08-15,17.11
2018-08-16,17.2
2018-08-17,17.15
2018-08-20,17.17
2018-08-21,17.27
2018-08-22,17.23
2018-08-23,17.23
2018-08-24,17.23
2018-08-27,17.3
2018-08-28,17.2
2018-08-29,17.35
2018-08-30,17.4
2018-08-31,17.34
2018-09-04,17.33
2018-09-05,17.28
2018-09-06,17.31
2018-09-07,17.15
2018-09-10,17.17
2018-09-11,17.17
2018-09-12,17.15
2018-09-13,17.24
2018-09-14,17.19
2018-09-17,17.2
2018-09-18,17.22
2018-09-19,17.15
2018-09-20,17.24
2018-09-21,17.26
2018-09-24,17.2
2018-09-25,17.16
2018-09-26,17.17
2018-09-27,17.14
2018-09-28,17.08
2018-10-01,16.71
2018-10-02,16.64
2018-10-03,16.69
2018-10-04,16.47
2018-10-05,16.44
2018-10-08,16.25
2018-10-09,16.4
2018-10-10,16.19
2018-10-11,16.01
2018-10-12,16.01
2018-10-15,16.07
2018-10-16,16.16
2018-10-17,16.14
2018-10-18,16.0
2018-10-19,15.98
2018-10-22,15.86
2018-10-23,15.74
2018-10-24,15.56
2018-10-25,15.59
2018-10-26,15.52
2018-10-29,15.58
2018-10-30,15.68
2018-10-31,15.99
2018-11-01,16.18
2018-11-02,16.05
2018-11-05,16.26
2018-11-06,16.44
2018-11-07,16.47
2018-11-08,16.44
2018-11-09,16.47
2018-11-12,16.18
2018-11-13,16.23
2018-11-14,16.15
2018-11-15,16.13
2018-11-16,16.12
2018-11-19,16.16
2018-11-20,15.82
2018-11-21,15.93
2018-11-23,15.97
2018-11-26,15.97
2018-11-27,16.01
2018-11-28,16.14
2018-11-29,16.15
2018-11-30,16.06
2018-12-03,16.24
2018-12-04,16.0
2018-12-06,15.85
2018-12-07,15.77
2018-12-10,15.62
2018-12-11,15.63
2018-12-12,15.63
2018-12-13,15.56
2018-12-14,15.36
2018-12-17,14.67
2018-12-18,14.76
2018-12-19,14.71
2018-12-20,14.16
2018-12-21,14.25
2018-12-24,14.25
2018-12-26,14.65
2018-12-27,14.28
2018-12-28,14.41
2018-12-31,14.04
2019-01-02,14.46
2019-01-03,14.42
2019-01-04,14.82
2019-01-07,15.17
2019-01-08,15.36
2019-01-09,15.3
2019-01-10,15.36
2019-01-11,15.42
2019-01-14,15.4
2019-01-15,15.44
2019-01-16,15.55
2019-01-17,15.52
2019-01-18,15.59
2019-01-22,15.48
2019-01-23,15.5
2019-01-24,15.61
2019-01-25,15.76
2019-01-28,15.73
2019-01-29,15.7
2019-01-30,15.88
2019-01-31,15.95
2019-02-01,15.94
2019-02-04,16.08
2019-02-05,16.18
2019-02-06,16.14
2019-02-07,15.94
2019-02-08,15.91
2019-02-11,15.97
2019-02-12,16.07
2019-02-13,16.13
2019-02-14,16.15
2019-02-15,16.18
2019-02-19,16.28
2019-02-20,16.42
2019-02-21,16.49
2019-02-22,16.73
2019-02-25,16.69
2019-02-26,16.62
2019-02-27,16.52
2019-02-28,16.45
2019-03-01,16.34
2019-03-04,16.39
2019-03-05,16.27
2019-03-06,16.22
2019-03-07,16.2
2019-03-08,16.22
2019-03-11,16.37
2019-03-12,16.29
2019-03-13,16.34
2019-03-14,16.4
2019-03-15,16.39
2019-03-18,16.49
2019-03-19,16.37
2019-03-20,16.34
2019-03-21,16.37
2019-03-22,16.24
2019-03-25,16.21
2019-03-26,16.31
2019-03-27,16.34
2019-03-28,16.42
2019-03-29,16.36
2019-04-01,16.13
2019-04-02,16.15
2019-04-03,16.14
2019-04-04,16.17
2019-04-05,16.24
2019-04-08,16.24
2019-04-09,16.13
2019-04-10,16.18
2019-04-11,16.21
2019-04-12,16.24
2019-04-15,16.17
2019-04-16,16.3
2019-04-17,16.24
2019-04-18,16.22
2019-04-22,16.22
2019-04-23,16.3
2019-04-24,16.33
2019-04-25,16.31
2019-04-26,16.45
2019-04-29,16.5
2019-04-30,16.57
2019-05-01,16.45
2019-05-02,16.49
2019-05-03,16.62
2019-05-06,16.64
2019-05-07,16.54
2019-05-08,16.56
2019-05-09,16.47
2019-05-10,16.49
2019-05-13,16.28
2019-05-14,16.4
2019-05-15,16.32
2019-05-16,16.44
2019-05-17,16.45
2019-05-20,16.51
2019-05-21,16.53
2019-05-22,16.51
2019-05-23,16.42
2019-05-24,16.45
2019-05-28,16.39
2019-05-29,16.33
2019-05-30,16.27
2019-05-31,16.01
2019-06-03,16.07
2019-06-04,16.25
2019-06-05,16.22
2019-06-06,16.28
2019-06-07,16.36
2019-06-10,16.47
2019-06-11,16.46
2019-06-12,16.48
2019-06-13,16.55
2019-06-14,16.59
2019-06-17,16.58
2019-06-18,16.66
2019-06-19,16.75
2019-06-20,16.6
2019-06-21,16.63
2019-06-24,16.6
2019-06-25,16.47
2019-06-26,16.43
2019-06-27,16.47
2019-06-28,16.62
2019-07-01,16.23
2019-07-02,16.32
2019-07-03,16.4
2019-07-05,16.4
2019-07-08,16.37
2019-07-09,16.35
2019-07-10,16.42
2019-07-11,16.39
2019-07-12,16.42
2019-07-15,16.44
2019-07-16,16.41
2019-07-17,16.32
2019-07-18,16.34
2019-07-19,16.31
2019-07-22,16.28
2019-07-23,16.31
2019-07-24,16.42
2019-07-25,16.38
2019-07-26,16.45
2019-07-29,16.39
2019-07-30,16.55
2019-07-31,16.42
2019-08-01,16.34
2019-08-02,16.36
2019-08-05,15.94
2019-08-06,16.11
2019-08-07,16.04
2019-08-08,16.37
2019-08-09,16.22
2019-08-12,16.16
2019-08-13,16.25
2019-08-14,16.03
2019-08-15,16.09
2019-08-16,16.41
2019-08-19,16.51
2019-08-20,16.53
2019-08-21,16.54
2019-08-22,16.54
2019-08-23,16.4
2019-08-26,16.43
2019-08-27,16.37
2019-08-28,16.35
2019-08-29,16.45
2019-08-30,16.46
2019-09-03,16.39
2019-09-04,16.48
2019-09-05,16.58
2019-09-06,16.57
2019-09-09,16.65
2019-09-10,16.73
2019-09-11,16.76
2019-09-12,16.79
2019-09-13,16.86
2019-09-16,16.89
2019-09-17,16.89
2019-09-18,16.89
2019-09-19,16.89
2019-09-20,16.99
2019-09-23,16.98
2019-09-24,16.88
2019-09-25,16.87
2019-09-26,16.97
2019-09-27,16.91
2019-09-30,16.86
2019-10-01,16.26
2019-10-02,15.94
2019-10-03,15.92
2019-10-04,16.06
2019-10-07,16.16
2019-10-08,16.03
2019-10-09,16.08
2019-10-10,16.14
2019-10-11,16.17
2019-10-14,16.12
2019-10-15,16.25
2019-10-16,16.24
2019-10-17,16.28
2019-10-18,16.34
2019-10-21,16.39
2019-10-22,16.39
2019-10-23,16.37
2019-10-24,16.36
2019-10-25,16.32
2019-10-28,16.41
2019-10-29,16.41
2019-10-30,16.41
2019-10-31,16.36
2019-11-01,16.48
2019-11-04,16.5
2019-11-05,16.47
2019-11-06,16.55
2019-11-07,16.45
2019-11-08,16.45
2019-11-11,16.45
2019-11-12,16.56
2019-11-13,16.54
2019-11-14,16.55
2019-11-15,16.55
2019-11-18,16.53
2019-11-19,16.61
2019-11-20,16.58
2019-11-21,16.55
2019-11-22,16.51
2019-11-25,16.64
2019-11-26,16.65
2019-11-27,16.81
2019-11-29,16.87
2019-12-02,16.79
2019-12-03,16.74
2019-12-04,16.81
2019-12-05,16.82
2019-12-06,16.89
2019-12-09,16.92
2019-12-10,16.97
2019-12-11,17.0
2019-12-12,17.06
2019-12-13,17.09
2019-12-16,17.19
2019-12-17,17.26
2019-12-18,17.2
2019-12-19,17.21
2019-12-20,17.26
2019-12-23,17.13
2019-12-24,17.16
2019-12-26,17.17
2019-12-27,17.12
2019-12-30,16.72
2019-12-31,16.75
2020-01-02,16.77
2020-01-03,16.75
2020-01-06,16.79
2020-01-07,16.78
2020-01-08,16.79
2020-01-09,16.81
2020-01-10,16.8
2020-01-13,16.84
2020-01-14,16.87
2020-01-15,16.93
2020-01-16,17.02
2020-01-17,17.04
2020-01-21,17.0
2020-01-22,17.07
2020-01-23,17.03
2020-01-24,16.91
2020-01-27,16.84
2020-01-28,16.91
2020-01-29,16.88
2020-01-30,16.89
2020-01-31,16.82
2020-02-03,16.82
2020-02-04,16.94
2020-02-05,17.02
2020-02-06,17.06
2020-02-07,17.08
2020-02-10,17.02
2020-02-11,17.06
2020-02-12,17.04
2020-02-13,17.12
2020-02-14,17.1
2020-02-18,17.11
2020-02-19,17.03
2020-02-20,17.19
2020-02-21,17.08
2020-02-24,16.81
2020-02-25,16.05
2020-02-26,16.17
2020-02-27,15.65
2020-02-28,15.09
2020-03-02,15.67
2020-03-03,15.58
2020-03-04,15.91
2020-03-05,15.7
2020-03-06,15.33
2020-03-09,14.05
2020-03-10,14.13
2020-03-11,13.5
2020-03-12,11.9
2020-03-13,12.38
2020-03-16,11.25
2020-03-17,9.93
2020-03-18,8.12
2020-03-19,9.44
2020-03-20,8.84
2020-03-23,7.66
2020-03-24,8.61
2020-03-25,9.26
2020-03-26,10.35
2020-03-27,10.12
2020-03-30,9.59
2020-03-31,9.33
2020-04-01,8.27
2020-04-02,8.02
2020-04-03,7.64
2020-04-06,8.15
2020-04-07,8.9
2020-04-08,9.59
2020-04-09,10.53
2020-04-13,10.47
2020-04-14,10.8
2020-04-15,10.16
2020-04-16,9.94
2020-04-17,10.14
2020-04-20,9.75
2020-04-21,9.47
2020-04-22,9.44
2020-04-23,9.56
2020-04-24,10.01
2020-04-27,10.53
2020-04-28,10.37
2020-04-29,10.97
2020-04-30,10.78
2020-05-01,10.28
2020-05-04,10.04
2020-05-05,10.3
2020-05-06,10.45
2020-05-07,10.72
2020-05-08,10.89
2020-05-11,10.85
2020-05-12,10.81
2020-05-13,10.42
2020-05-14,10.58
2020-05-15,10.75
2020-05-18,11.08
2020-05-19,11.27
2020-05-20,11.42
2020-05-21,11.65
2020-05-22,11.74
2020-05-26,12.23
2020-05-27,12.4
2020-05-28,12.11
2020-05-29,12.03
2020-06-01,12.28
2020-06-02,12.38
2020-06-03,12.69
2020-06-04,12.73
2020-06-05,12.75
2020-06-08,13.44
2020-06-09,13.24
2020-06-10,12.75
2020-06-11,11.98
2020-06-12,12.52
2020-06-15,12.61
2020-06-16,12.66
2020-06-17,12.4
2020-06-18,12.34
2020-06-19,12.31
2020-06-22,12.19
2020-06-23,12.12
2020-06-24,11.81
2020-06-25,11.97
2020-06-26,11.84
2020-06-29,12.0
2020-06-30,12.15
2020-07-01,11.6
2020-07-02,11.61
2020-07-06,11.57
2020-07-07,11.43
2020-07-08,11.37
2020-07-09,11.03
2020-07-10,11.22
2020-07-13,11.22
2020-07-14,11.4
2020-07-15,11.61
2020-07-16,11.58
2020-07-17,11.61
2020-07-20,11.56
2020-07-21,11.68
2020-07-22,11.82
2020-07-23,11.84
2020-07-24,11.61
2020-07-27,11.48
2020-07-28,11.6
2020-07-29,11.68
2020-07-30,11.66
2020-07-31,11.68
2020-08-03,11.86
2020-08-04,11.95
2020-08-05,12.15
2020-08-06,12.13
2020-08-07,12.34
2020-08-10,12.6
2020-08-11,12.49
2020-08-12,12.44
2020-08-13,12.41
2020-08-14,12.34
2020-08-17,12.29
2020-08-18,12.12
2020-08-19,12.06
2020-08-20,12.05
2020-08-21,12.03
2020-08-24,12.28
2020-08-25,12.19
2020-08-26,12.01
2020-08-27,12.11
2020-08-28,12.34
2020-08-31,12.21
2020-09-01,12.22
2020-09-02,12.25
2020-09-03,12.02
2020-09-04,12.0
2020-09-08,12.12
2020-09-09,12.14
2020-09-10,12.17
2020-09-11,12.23
2020-09-14,12.33
2020-09-15,12.31
2020-09-16,12.36
2020-09-17,12.26
2020-09-18,12.2
2020-09-21,12.08
2020-09-22,12.11
2020-09-23,11.82
2020-09-24,11.75
2020-09-25,12.07
2020-09-28,12.34
2020-09-29,12.13
2020-09-30,12.15
2020-10-01,12.03
2020-10-02,12.11
2020-10-05,12.09
2020-10-06,12.0
2020-10-07,12.08
2020-10-08,12.18
2020-10-09,12.14
2020-10-12,11.99
2020-10-13,11.9
2020-10-14,11.94
2020-10-15,11.91
2020-10-16,11.85
2020-10-19,11.68
2020-10-20,11.71
2020-10-21,11.68
2020-10-22,11.71
2020-10-23,11.8
2020-10-26,11.6
2020-10-27,11.64
2020-10-28,11.28
2020-10-29,11.31
2020-10-30,11.24
2020-11-02,11.52
2020-11-03,11.69
2020-11-04,11.74
2020-11-05,12.17
2020-11-06,12.12
2020-11-09,12.41
2020-11-10,12.79
2020-11-11,12.87
2020-11-12,12.67
2020-11-13,12.87
2020-11-16,13.16
2020-11-17,13.19
2020-11-18,13.14
2020-11-19,13.39
2020-11-20,13.34
2020-11-23,13.64
2020-11-24,13.83
2020-11-25,13.96
2020-11-27,13.95
2020-11-30,13.73
2020-12-01,13.95
2020-12-02,13.97
2020-12-03,14.16
2020-12-04,14.29
2020-12-07,14.09
2020-12-08,14.09
2020-12-09,14.04
2020-12-10,13.94
2020-12-11,14.0
2020-12-14,13.95
2020-12-15,14.05
2020-12-16,14.08
2020-12-17,14.08
2020-12-18,14.01
2020-12-21,13.9
2020-12-22,13.75
2020-12-23,13.89
2020-12-24,13.88
2020-12-28,13.84
2020-12-29,13.59
2020-12-30,13.6
2020-12-31,13.73
2021-01-04,13.6
2021-01-05,13.7
2021-01-06,13.86
2021-01-07,13.97
2021-01-08,14.05
2021-01-11,13.91
2021-01-12,13.94
2021-01-13,13.98
2021-01-14,14.17
2021-01-15,14.24
2021-01-19,14.27
2021-01-20,14.34
2021-01-21,14.44
2021-01-22,14.42
2021-01-25,14.32
2021-01-26,14.4
2021-01-27,14.3
2021-01-28,14.22
2021-01-29,14.01
2021-02-01,14.25
2021-02-02,14.57
2021-02-03,14.65
2021-02-04,14.75
2021-02-05,14.95
2021-02-08,15.0
2021-02-09,14.8
2021-02-10,15.12
2021-02-11,15.08
2021-02-12,15.12
2021-02-16,15.19
2021-02-17,15.19
2021-02-18,15.22
2021-02-19,15.22
2021-02-22,15.36
2021-02-23,15.24
2021-02-24,15.51
2021-02-25,15.34
2021-02-26,15.49
2021-03-01,15.66
2021-03-02,15.91
2021-03-03,15.92
2021-03-04,15.74
2021-03-05,15.61
2021-03-08,15.86
2021-03-09,15.92
2021-03-10,16.03
2021-03-11,16.15
2021-03-12,16.25
2021-03-15,16.52
2021-03-16,16.4
2021-03-17,16.45
2021-03-18,16.03
2021-03-19,16.2
2021-03-22,16.16
2021-03-23,16.0
2021-03-24,15.88
2021-03-25,16.05
2021-03-26,16.26
2021-03-29,16.19
2021-03-30,16.25
2021-03-31,16.2
2021-04-01,16.06
2021-04-05,16.22
2021-04-06,16.38
2021-04-07,16.5
2021-04-08,16.57
2021-04-09,16.63
2021-04-12,16.62
2021-04-13,16.54
2021-04-14,16.47
2021-04-15,16.59
2021-04-16,16.62
2021-04-19,16.64
2021-04-20,16.52
2021-04-21,16.69
2021-04-22,16.55
2021-04-23,16.67
2021-04-26,16.71
2021-04-27,16.81
2021-04-28,16.85
2021-04-29,16.95
2021-04-30,16.79
2021-05-03,16.79
2021-05-04,16.68
2021-05-05,16.78
2021-05-06,16.76
2021-05-07,16.82
2021-05-10,16.66
2021-05-11,16.45
2021-05-12,15.9
2021-05-13,16.35
2021-05-14,16.56
2021-05-17,16.7
2021-05-18,16.73
2021-05-19,16.77
2021-05-20,16.79
2021-05-21,16.81
2021-05-24,16.89
2021-05-25,16.7
2021-05-26,16.88
2021-05-27,17.0
2021-05-28,17.09
2021-06-01,17.27
2021-06-02,17.34
2021-06-03,17.41
2021-06-04,17.44
2021-06-07,17.51
2021-06-08,17.58
2021-06-09,17.62
2021-06-10,17.5
2021-06-11,17.66
2021-06-14,17.67
2021-06-15,17.43
2021-06-16,17.53
2021-06-17,17.32
2021-06-18,16.98
2021-06-21,17.26
2021-06-22,17.27
2021-06-23,17.25
2021-06-24,17.36
2021-06-25,17.25
2021-06-28,17.28
2021-06-29,17.13
2021-06-30,17.16
2021-07-01,16.95
2021-07-02,17.15
2021-07-06,17.14
2021-07-07,16.99
2021-07-08,16.88
2021-07-09,17.1
2021-07-12,17.26
2021-07-13,17.14
2021-07-14,17.05
2021-07-15,16.97
2021-07-16,16.87
2021-07-19,16.64
2021-07-20,16.93
2021-07-21,17.01
2021-07-22,16.96
2021-07-23,16.95
2021-07-26,17.05
2021-07-27,17.03
2021-07-28,17.13
2021-07-29,17.0
2021-07-30,16.96
2021-08-02,16.98
2021-08-03,16.85
2021-08-04,16.79
2021-08-05,17.0
2021-08-06,17.09
2021-08-09,17.08
2021-08-10,17.23
2021-08-11,17.25
2021-08-12,17.34
2021-08-13,17.43
2021-08-16,17.35
2021-08-17,17.26
2021-08-18,17.13
2021-08-19,16.65
2021-08-20,16.99
2021-08-23,17.05
2021-08-24,17.11
2021-08-25,17.25
2021-08-26,17.14
2021-08-27,17.28
2021-08-30,17.16
2021-08-31,17.17
2021-09-01,17.19
2021-09-02,17.31
2021-09-03,17.34
2021-09-07,17.14
2021-09-08,17.18
2021-09-09,17.21
2021-09-10,17.16
2021-09-13,17.16
2021-09-14,17.14
2021-09-15,17.34
2021-09-16,17.2
2021-09-17,17.1
2021-09-20,16.83
2021-09-21,17.01
2021-09-22,17.2
2021-09-23,17.24
2021-09-24,17.27
2021-09-27,17.27
2021-09-28,17.2
2021-09-29,17.28
2021-09-30,17.15
2021-10-01,16.95
2021-10-04,16.97
2021-10-05,17.08
2021-10-06,17.16
2021-10-07,17.09
2021-10-08,17.23
2021-10-11,17.2
2021-10-12,17.26
2021-10-13,17.37
2021-10-14,17.37
2021-10-15,17.39
2021-10-18,17.43
2021-10-19,17.5
2021-10-20,17.54
2021-10-21,17.57
2021-10-22,17.6
2021-10-25,17.58
2021-10-26,17.56
2021-10-27,17.51
2021-10-28,17.63
2021-10-29,17.57
2021-11-01,17.54
2021-11-02,17.45
2021-11-03,17.43
2021-11-04,17.45
2021-11-05,17.59
2021-11-08,17.72
2021-11-09,17.58
2021-11-10,17.56
2021-11-11,17.64
2021-11-12,17.62
2021-11-15,17.52
2021-11-16,17.53
2021-11-17,17.48
2021-11-18,17.49
2021-11-19,17.35
2021-11-22,17.39
2021-11-23,17.43
2021-11-24,17.45
2021-11-26,17.24
2021-11-29,17.27
2021-11-30,17.15
2021-12-01,17.0
2021-12-02,17.25
2021-12-03,17.17
2021-12-06,17.31
2021-12-07,17.4
2021-12-08,17.38
2021-12-09,17.32
2021-12-10,17.37
2021-12-13,17.21
2021-12-14,17.04
2021-12-15,17.12
2021-12-16,16.99
2021-12-17,16.87
2021-12-20,16.77
2021-12-21,17.01
2021-12-22,17.19
2021-12-23,17.39
2021-12-27,17.48
2021-12-28,17.53
2021-12-29,17.16
2021-12-30,17.16
2021-12-31,17.21
2022-01-03,17.31
2022-01-04,17.46
2022-01-05,17.28
2022-01-06,17.34
2022-01-07,17.5
2022-01-10,17.46
2022-01-11,17.8
2022-01-12,17.92
2022-01-13,17.67
2022-01-14,17.6
2022-01-18,17.66
2022-01-19,17.58
2022-01-20,17.39
2022-01-21,17.08
2022-01-24,16.86
2022-01-25,17.17
2022-01-26,17.26
2022-01-27,17.32
2022-01-28,17.32
2022-01-31,17.59
2022-02-01,17.77
2022-02-02,17.78
2022-02-03,17.71
2022-02-04,17.78
2022-02-07,17.92
2022-02-08,17.95
2022-02-09,17.83
2022-02-10,17.74
2022-02-11,17.64
2022-02-14,17.5
2022-02-15,17.55
2022-02-16,17.74
2022-02-17,17.58
2022-02-18,17.58
2022-02-22,17.41
2022-02-23,17.24
2022-02-24,17.22
2022-02-25,17.54
2022-02-28,17.58
2022-03-01,17.49
2022-03-02,17.81
2022-03-03,17.83
2022-03-04,17.73
2022-03-07,17.2
2022-03-08,17.2
2022-03-09,17.33
2022-03-10,17.24
2022-03-11,17.19
2022-03-14,17.12
2022-03-15,17.17
2022-03-16,17.25
2022-03-17,17.53
2022-03-18,17.47
2022-03-21,17.63
2022-03-22,17.74
2022-03-23,17.63
2022-03-24,17.64
2022-03-25,17.83
2022-03-28,17.83
2022-03-29,17.92
2022-03-30,17.89
2022-03-31,17.91
2022-04-01,17.77
2022-04-04,17.62
2022-04-05,17.6
2022-04-06,17.47
2022-04-07,17.48
2022-04-08,17.62
2022-04-11,17.52
2022-04-12,17.46
2022-04-13,17.71
2022-04-14,17.71
2022-04-18,17.79
2022-04-19,17.87
2022-04-20,18.01
2022-04-21,17.87
2022-04-22,17.5
2022-04-25,17.5
2022-04-26,16.79
2022-04-27,17.05
2022-04-28,17.14
2022-04-29,16.77
2022-05-02,16.46
2022-05-03,16.83
2022-05-04,17.16
2022-05-05,16.7
2022-05-06,16.8
2022-05-09,16.17
2022-05-10,16.41
2022-05-11,16.22
2022-05-12,15.82
2022-05-13,16.14
2022-05-16,16.33
2022-05-17,16.48
2022-05-18,16.03
2022-05-19,15.79
2022-05-20,15.43
2022-05-23,15.62
2022-05-24,15.5
2022-05-25,15.82
2022-05-26,16.07
2022-05-27,16.38
2022-05-31,16.2
2022-06-01,16.27
2022-06-02,16.35
2022-06-03,16.21
2022-06-06,16.33
2022-06-07,16.36
2022-06-08,16.21
2022-06-09,15.95
2022-06-10,15.86
2022-06-13,15.05
2022-06-14,14.99
2022-06-15,15.09
2022-06-16,14.44
2022-06-17,14.65
2022-06-21,14.85
2022-06-22,14.8
2022-06-23,14.77
2022-06-24,15.14
2022-06-27,15.33
2022-06-28,15.18
2022-06-29,15.02
2022-06-30,15.1
2022-07-01,15.13
2022-07-05,15.17
2022-07-06,15.04
2022-07-07,15.21
2022-07-08,15.37
2022-07-11,15.14
2022-07-12,15.25
2022-07-13,15.17
2022-07-14,15.0
2022-07-15,15.15
2022-07-18,15.24
2022-07-19,15.47
2022-07-20,15.55
2022-07-21,15.53
2022-07-22,15.49
2022-07-25,15.36
2022-07-26,15.47
2022-07-27,15.71
2022-07-28,15.96
2022-07-29,15.93
2022-08-01,16.06
2022-08-02,15.92
2022-08-03,16.04
2022-08-04,16.02
2022-08-05,16.22
2022-08-08,16.39
2022-08-09,16.25
2022-08-10,16.4
2022-08-11,16.49
2022-08-12,16.62
2022-08-15,16.56
2022-08-16,16.67
2022-08-17,16.36
2022-08-18,16.49
2022-08-19,16.24
2022-08-22,16.03
2022-08-23,16.2
2022-08-24,16.39
2022-08-25,16.4
2022-08-26,16.18
2022-08-29,16.1
2022-08-30,15.82
2022-08-31,15.9
2022-09-01,15.6
2022-09-02,15.61
2022-09-06,15.47
2022-09-07,15.63
2022-09-08,15.75
2022-09-09,15.94
2022-09-12,16.02
2022-09-13,15.68
2022-09-14,15.62
2022-09-15,15.67
2022-09-16,15.5
2022-09-19,15.53
2022-09-20,15.24
2022-09-21,15.19
2022-09-22,14.68
2022-09-23,14.37
2022-09-26,13.82
2022-09-27,13.92
2022-09-28,14.2
2022-09-29,13.51
2022-09-30,13.57
2022-10-03,13.4
2022-10-04,14.19
2022-10-05,13.94
2022-10-06,13.76
2022-10-07,13.62
2022-10-10,13.38
2022-10-11,13.36
2022-10-12,13.48
2022-10-13,13.78
2022-10-14,13.7
2022-10-17,13.89
2022-10-18,14.06
2022-10-19,13.89
2022-10-20,13.84
2022-10-21,13.84
2022-10-24,14.04
2022-10-25,14.5
2022-10-26,14.53
2022-10-27,14.58
2022-10-28,14.76
2022-10-31,14.71
2022-11-01,14.83
2022-11-02,14.67
2022-11-03,14.8
2022-11-04,15.01
2022-11-07,15.27
2022-11-08,15.0
2022-11-09,14.87
2022-11-10,15.16
2022-11-11,15.32
2022-11-14,15.12
2022-11-15,15.28
2022-11-16,15.27
2022-11-17,15.21
2022-11-18,15.21
2022-11-21,15.2
2022-11-22,15.42
2022-11-23,15.46
2022-11-25,15.54
2022-11-28,15.21
2022-11-29,15.24
2022-11-30,15.44
2022-12-01,15.33
2022-12-02,15.32
2022-12-05,15.05
2022-12-06,14.72
2022-12-07,14.73
2022-12-08,14.81
2022-12-09,14.87
2022-12-12,14.9
2022-12-13,14.94
2022-12-14,14.82
2022-12-15,14.76
2022-12-16,14.56
2022-12-19,14.32
2022-12-20,14.45
2022-12-21,14.56
2022-12-22,14.46
2022-12-23,14.69
2022-12-27,14.66
2022-12-28,14.08
2022-12-29,14.27
2022-12-30,14.15
2023-01-03,14.29
2023-01-04,14.54
2023-01-05,14.39
2023-01-06,14.45
2023-01-09,14.54
2023-01-10,14.64
2023-01-11,14.96
2023-01-12,15.19
2023-01-13,15.04
2023-01-17,15.12
2023-01-18,15.04
2023-01-19,14.88
2023-01-20,15.07
2023-01-23,15.24
2023-01-24,15.2
2023-01-25,15.18
2023-01-26,15.33
2023-01-27,15.46
2023-01-30,15.22
2023-01-31,15.32
2023-02-01,15.53
2023-02-02,15.62
2023-02-03,15.58
2023-02-06,15.43
2023-02-07,15.57
2023-02-08,15.41
2023-02-09,15.2
2023-02-10,15.36
2023-02-13,15.43
2023-02-14,15.43
2023-02-15,15.45
2023-02-16,15.46
2023-02-17,15.6
2023-02-21,15.28
2023-02-22,15.36
2023-02-23,15.56
2023-02-24,15.53
2023-02-27,15.66
2023-02-28,15.55
2023-03-01,15.48
2023-03-02,15.55
2023-03-03,15.63
2023-03-06,15.65
2023-03-07,15.38
2023-03-08,15.42
2023-03-09,14.76
2023-03-10,14.08
2023-03-13,13.99
2023-03-14,14.37
2023-03-15,14.08
2023-03-16,14.32
2023-03-17,14.06
2023-03-20,14.16
2023-03-21,14.53
2023-03-22,14.26
2023-03-23,14.18
2023-03-24,14.4
2023-03-27,14.59
2023-03-28,14.59
2023-03-29,14.66
2023-03-30,14.73
2023-03-31,14.83
2023-04-03,14.37
2023-04-04,14.24
2023-04-05,14.08
2023-04-06,14.22
2023-04-10,14.08
2023-04-11,14.2
2023-04-12,14.34
2023-04-13,14.54
2023-04-14,14.43
2023-04-17,14.58
2023-04-18,14.35
2023-04-19,14.51
2023-04-20,14.32
2023-04-21,14.41
2023-04-24,14.49
2023-04-25,14.28
2023-04-26,14.18
2023-04-27,14.41
2023-04-28,14.56
2023-05-01,14.43
2023-05-02,14.14
2023-05-03,14.17
2023-05-04,13.83
2023-05-05,14.26
2023-05-08,14.4
2023-05-09,14.28
2023-05-10,14.34
2023-05-11,14.31
2023-05-12,14.25
2023-05-15,14.38
2023-05-16,14.22
2023-05-17,14.43
2023-05-18,14.51
2023-05-19,14.64
2023-05-22,14.65
2023-05-23,14.65
2023-05-24,14.58
2023-05-25,14.55
2023-05-26,14.67
2023-05-30,14.77
2023-05-31,14.7
2023-06-01,14.88
2023-06-02,14.96
2023-06-05,15.0
2023-06-06,15.06
2023-06-07,15.18
2023-06-08,15.19
2023-06-09,15.15
2023-06-12,15.17
2023-06-13,15.22
2023-06-14,15.12
2023-06-15,15.23
2023-06-16,15.21
2023-06-20,15.15
2023-06-21,15.12
2023-06-22,14.94
2023-06-23,14.78
2023-06-26,14.95
2023-06-27,15.07
2023-06-28,15.18
2023-06-29,15.36
2023-06-30,15.36
2023-07-03,15.0
2023-07-05,14.98
2023-07-06,14.98
2023-07-07,15.06
2023-07-10,15.11
2023-07-11,15.22
2023-07-12,15.33
2023-07-13,15.36
2023-07-14,15.35
2023-07-17,15.46
2023-07-18,15.63
2023-07-19,15.62
2023-07-20,15.52
2023-07-21,15.57
2023-07-24,15.71
2023-07-25,15.59
2023-07-26,15.81
2023-07-27,15.74
2023-07-28,15.78
2023-07-31,15.78
2023-08-01,15.76
2023-08-02,15.71
2023-08-03,15.69
2023-08-04,15.82
2023-08-07,15.9
2023-08-08,15.85
2023-08-09,15.86
2023-08-10,15.78
2023-08-11,15.74
2023-08-14,15.76
2023-08-15,15.61
2023-08-16,15.59
2023-08-17,15.41
2023-08-18,15.53
2023-08-21,15.56
2023-08-22,15.34
2023-08-23,15.47
2023-08-24,15.48
2023-08-25,15.49
2023-08-28,15.61
2023-08-29,15.71
2023-08-30,15.77
2023-08-31,15.77
2023-09-01,15.8
2023-09-05,15.63
2023-09-06,15.5
2023-09-07,15.58
2023-09-08,15.7
2023-09-11,15.78
2023-09-12,15.75
2023-09-13,15.82
2023-09-14,15.9
2023-09-15,15.97
2023-09-18,16.02
2023-09-19,16.04
2023-09-20,16.02
2023-09-21,15.8
2023-09-22,15.91
2023-09-25,16.02
2023-09-26,15.82
2023-09-27,15.91
2023-09-28,16.09
2023-09-29,16.03
2023-10-02,15.3
2023-10-03,15.01
2023-10-04,14.98
2023-10-05,15.05
2023-10-06,15.13
2023-10-09,15.25
2023-10-10,15.28
2023-10-11,15.34
2023-10-12,15.25
2023-10-13,15.23
2023-10-16,15.52
2023-10-17,15.48
2023-10-18,15.29
2023-10-19,15.08
2023-10-20,14.97
2023-10-23,14.87
2023-10-24,14.97
2023-10-25,14.85
2023-10-26,14.86
2023-10-27,14.67
2023-10-30,14.82
2023-10-31,14.87
2023-11-01,15.13
2023-11-02,15.45
2023-11-03,15.62
2023-11-06,15.53
2023-11-07,15.48
2023-11-08,15.46
2023-11-09,15.55
2023-11-10,15.6
2023-11-13,15.61
2023-11-14,15.79
2023-11-15,15.81
2023-11-16,15.72
2023-11-17,15.76
2023-11-20,15.84
2023-11-21,15.82
2023-11-22,15.87
2023-11-24,15.95
2023-11-27,15.91
2023-11-28,15.85
2023-11-29,15.82
2023-11-30,15.85
2023-12-01,15.93
2023-12-04,15.94
2023-12-05,15.86
2023-12-06,15.82
2023-12-07,15.97
2023-12-08,16.11
2023-12-11,16.06
2023-12-12,16.17
2023-12-13,16.26
2023-12-14,16.35
2023-12-15,16.3
2023-12-18,16.37
2023-12-19,16.46
2023-12-20,16.34
2023-12-21,16.38
2023-12-22,16.45
2023-12-26,16.53
2023-12-27,16.14
2023-12-28,16.17
2023-12-29,16.04
2024-01-02,16.08
2024-01-03,16.03
2024-01-04,16.42
2024-01-05,16.4
2024-01-08,16.48
2024-01-09,16.41
2024-01-10,16.41
2024-01-11,16.37
2024-01-12,16.39
2024-01-16,16.23
2024-01-17,16.22
2024-01-18,16.31
2024-01-19,16.35
2024-01-22,16.46
2024-01-23,16.48
2024-01-24,16.41
2024-01-25,16.49
2024-01-26,16.57
2024-01-29,16.49
2024-01-30,16.57
2024-01-31,16.28
2024-02-01,16.13
2024-02-02,16.16
2024-02-05,16.03
2024-02-06,15.98
2024-02-07,16.03
2024-02-08,16.01
2024-02-09,16.01
2024-02-12,16.15
2024-02-13,16.01
2024-02-14,16.09
2024-02-15,16.28
2024-02-16,16.34
2024-02-20,16.29
2024-02-21,16.28
2024-02-22,16.38
2024-02-23,16.4
2024-02-26,16.37
2024-02-27,16.35
2024-02-28,16.2
2024-02-29,16.28
2024-03-01,16.25
2024-03-04,16.28
2024-03-05,16.18
2024-03-06,16.32
2024-03-07,16.36
2024-03-08,16.4
2024-03-11,16.46
2024-03-12,16.51
2024-03-13,16.55
2024-03-14,16.29
2024-03-15,16.41
2024-03-18,16.35
2024-03-19,16.35
2024-03-20,16.43
2024-03-21,16.5
2024-03-22,16.46
2024-03-25,16.54
2024-03-26,16.64
2024-03-27,16.77
2024-03-28,16.9
2024-04-01,16.26
2024-04-02,16.31
2024-04-03,16.33
2024-04-04,16.18
2024-04-05,16.37
2024-04-08,16.39
2024-04-09,16.42
2024-04-10,16.37
2024-04-11,16.42
2024-04-12,16.22
2024-04-15,16.14
2024-04-16,16.17
2024-04-17,16.25
2024-04-18,16.36
2024-04-19,16.46
2024-04-22,16.6
2024-04-23,16.68
2024-04-24,16.7
2024-04-25,16.59
2024-04-26,16.74
2024-04-29,16.79
2024-04-30,16.65
2024-05-01,16.8
2024-05-02,16.65
2024-05-03,16.7
2024-05-06,16.92
2024-05-07,16.88
2024-05-08,16.84
2024-05-09,16.98
2024-05-10,17.05
2024-05-13,17.0
2024-05-14,17.1
2024-05-15,17.0
2024-05-16,16.98
2024-05-17,17.02
2024-05-20,17.08
2024-05-21,17.14
2024-05-22,17.02
2024-05-23,16.88
2024-05-24,17.04
2024-05-28,17.06
2024-05-29,17.04
2024-05-30,17.15
2024-05-31,17.32
2024-06-03,17.38
2024-06-04,17.27
2024-06-05,17.24
2024-06-06,17.21
2024-06-07,17.27
2024-06-10,17.22
2024-06-11,17.12
2024-06-12,17.16
2024-06-13,17.01
2024-06-14,17.0
2024-06-17,17.03
2024-06-18,16.96
2024-06-20,17.04
2024-06-21,17.0
2024-06-24,17.08
2024-06-25,17.02
2024-06-26,17.03
2024-06-27,17.14
2024-06-28,17.11
2024-07-01,16.62
2024-07-02,16.78
2024-07-03,16.91
2024-07-05,16.97
2024-07-08,16.98
2024-07-09,16.84
2024-07-10,16.95
2024-07-11,16.99
2024-07-12,16.98
2024-07-15,16.94
2024-07-16,16.91
2024-07-17,16.87
2024-07-18,16.74
2024-07-19,16.66
2024-07-22,16.81
2024-07-23,16.71
2024-07-24,16.55
2024-07-25,16.58
2024-07-26,16.74
2024-07-29,16.69
2024-07-30,16.83
2024-07-31,16.66
2024-08-01,16.55
2024-08-02,16.02
2024-08-05,15.5
2024-08-06,15.86
2024-08-07,15.73
2024-08-08,15.84
2024-08-09,15.81
2024-08-12,15.78
2024-08-13,15.8
2024-08-14,15.85
2024-08-15,16.03
2024-08-16,16.08
2024-08-19,16.15
2024-08-20,16.06
2024-08-21,16.16
2024-08-22,16.17
2024-08-23,16.25
2024-08-26,16.25
2024-08-27,16.33
2024-08-28,16.23
2024-08-29,16.33
2024-08-30,16.44
2024-09-03,16.35
2024-09-04,16.33
2024-09-05,16.34
2024-09-06,16.13
2024-09-09,16.17
2024-09-10,16.11
2024-09-11,16.14
2024-09-12,16.27
2024-09-13,16.44
2024-09-16,16.45
2024-09-17,16.32
2024-09-18,16.39
2024-09-19,16.55
2024-09-20,16.48
2024-09-23,16.52
2024-09-24,16.51
2024-09-25,16.31
2024-09-26,16.42
2024-09-27,16.56
2024-09-30,16.56
2024-10-01,15.98
2024-10-02,16.03
2024-10-03,16.12
2024-10-04,16.23
2024-10-07,16.15
2024-10-08,16.14
2024-10-09,16.12
2024-10-10,16.19
2024-10-11,16.21
2024-10-14,16.27
2024-10-15,16.3
2024-10-16,16.47
2024-10-17,16.46
2024-10-18,16.52
2024-10-21,16.61
2024-10-22,16.48
2024-10-23,16.41
2024-10-24,16.52
2024-10-25,16.48
2024-10-28,16.56
2024-10-29,16.38
2024-10-30,16.32
2024-10-31,16.25
2024-11-01,16.08
2024-11-04,15.9
2024-11-05,16.0
2024-11-06,16.34
2024-11-07,16.35
2024-11-08,16.32
2024-11-11,16.35
2024-11-12,16.24
2024-11-13,16.31
2024-11-14,16.31
2024-11-15,16.3
2024-11-18,16.42
2024-11-19,16.54
2024-11-20,16.48
2024-11-21,16.48
2024-11-22,16.67
2024-11-25,16.74
2024-11-26,16.72
2024-11-27,16.8
2024-11-29,16.94
2024-12-02,16.85
2024-12-03,16.85
2024-12-04,16.86
2024-12-05,16.82
2024-12-06,16.88
2024-12-09,16.84
2024-12-10,16.86
2024-12-11,16.84
2024-12-12,16.83
2024-12-13,16.84
2024-12-16,16.71
2024-12-17,16.65
2024-12-18,16.42
2024-12-19,16.58
2024-12-20,16.72
2024-12-23,16.73
2024-12-24,16.94
2024-12-26,17.05
2024-12-27,16.61
2024-12-30,16.59
2024-12-31,16.63
2025-01-02,16.78
2025-01-03,16.75
2025-01-06,16.62
2025-01-07,16.55
2025-01-08,16.5
2025-01-10,16.42
2025-01-13,16.49
2025-01-14,16.67
2025-01-15,16.76
2025-01-16,17.03
2025-01-17,17.06
2025-01-21,17.2
2025-01-22,17.2
2025-01-23,17.2
2025-01-24,17.26
2025-01-27,17.26
2025-01-28,17.36
2025-01-29,17.21
2025-01-30,17.38
2025-01-31,17.51
2025-02-03,17.5
2025-02-04,17.49
2025-02-05,17.35
2025-02-06,17.25
2025-02-07,17.25
2025-02-10,17.23
2025-02-11,17.25
2025-02-12,17.38
2025-02-13,17.46
2025-02-14,17.6
2025-02-18,17.76
2025-02-19,17.82
2025-02-20,17.72
2025-02-21,17.68
2025-02-24,17.58
2025-02-25,17.5
2025-02-26,17.3
2025-02-27,17.3
2025-02-28,17.55
2025-03-03,17.47
2025-03-04,17.12
2025-03-05,17.0
2025-03-06,16.73
2025-03-07,17.12
2025-03-10,16.92
2025-03-11,16.49
2025-03-12,16.47
2025-03-13,16.23
2025-03-14,16.49
2025-03-17,16.62
2025-03-18,16.74
2025-03-19,16.74
2025-03-20,16.78
2025-03-21,16.71
2025-03-24,16.96
2025-03-25,17.1
2025-03-26,16.99
2025-03-27,17.1
2025-03-28,16.86
2025-03-31,16.76
2025-04-01,16.51
2025-04-02,16.43
2025-04-03,16.08
2025-04-04,14.89
2025-04-07,14.22
2025-04-08,13.96
2025-04-09,14.98
2025-04-10,14.5
2025-04-11,14.47
2025-04-14,14.76
2025-04-15,14.94
2025-04-16,14.79
2025-04-17,15.06
2025-04-21,14.74
2025-04-22,15.01
2025-04-23,15.25
2025-04-24,15.44
2025-04-25,15.51
2025-04-28,15.6
2025-04-29,15.45
2025-04-30,15.23
2025-05-01,15.11
2025-05-02,15.37
2025-05-05,15.1
2025-05-06,15.21
2025-05-07,15.16
2025-05-08,15.32
2025-05-09,15.34
2025-05-12,15.79
2025-05-13,15.93
2025-05-14,15.92
2025-05-15,15.95
2025-05-16,16.07
2025-05-19,16.15
2025-05-20,16.15
2025-05-21,15.75
2025-05-22,15.75
2025-05-23,15.82
2025-05-27,16.1
2025-05-28,16.1
2025-05-29,16.12
2025-05-30,16.14
2025-06-02,16.0
2025-06-03,16.1
2025-06-04,16.04
2025-06-05,15.99
2025-06-06,16.17
2025-06-09,16.22
2025-06-10,16.28
2025-06-11,16.22
2025-06-12,16.25
2025-06-13,16.12
2025-06-16,16.05
2025-06-17,15.97
2025-06-18,16.12
2025-06-20,16.07
2025-06-23,15.91
2025-06-24,16.04
2025-06-25,16.04
2025-06-26,16.25
2025-06-27,16.2
2025-06-30,16.28
2025-07-01,15.92
2025-07-02,16.04
2025-07-03,16.22
2025-07-07,16.13
2025-07-08,16.15
2025-07-09,16.17
2025-07-10,16.35
2025-07-11,16.52
2025-07-14,16.5
2025-07-15,16.48
2025-07-16,16.64
2025-07-17,16.82
2025-07-18,16.75
2025-07-21,16.52
2025-07-22,16.61
2025-07-23,16.74
2025-07-24,16.63
2025-07-25,16.68
2025-07-28,16.45
2025-07-29,16.32
2025-07-30,16.2
2025-07-31,16.18
2025-08-01,15.97
2025-08-04,15.94
2025-08-05,16.03
2025-08-06,15.96
2025-08-07,15.85
2025-08-08,15.96
2025-08-11,15.94
2025-08-12,16.0
2025-08-13,16.15
2025-08-14,16.09
2025-08-15,15.9
2025-08-18,15.93
2025-08-19,15.94
2025-08-20,15.94
2025-08-21,15.85
2025-08-22,15.94
2025-08-25,15.82
2025-08-26,15.92
2025-08-27,15.98
2025-08-28,16.03
2025-08-29,16.1
2025-09-02,16.03
2025-09-03,15.96
2025-09-04,16.05
2025-09-05,16.02
2025-09-08,16.04
2025-09-09,15.93
2025-09-10,15.88
2025-09-11,15.96
2025-09-12,15.85
2025-09-15,15.53
2025-09-16,15.41
2025-09-17,15.42
2025-09-18,15.6
2025-09-19,15.68
2025-09-22,15.29
2025-09-23,15.2
2025-09-24,15.0
2025-09-25,15.06
2025-09-26,15.04
2025-09-29,14.96
2025-09-30,14.94
2025-10-01,14.32
2025-10-02,14.54
2025-10-03,14.39
2025-10-06,14.32
2025-10-07,14.15
2025-10-08,14.05
2025-10-09,13.66
2025-10-10,13.49
2025-10-13,13.91
2025-10-14,14.21
2025-10-15,14.21
2025-10-16,13.9
2025-10-17,13.97
2025-10-20,14.05
2025-10-21,14.24
2025-10-22,14.18
2025-10-23,14.26
2025-10-24,14.33
2025-10-27,14.55
2025-10-28,14.59
2025-10-29,14.41
2025-10-30,14.21
2025-10-31,14.33
2025-11-03,14.37
2025-11-04,14.25
2025-11-05,14.24
2025-11-06,14.01
2025-11-07,14.19
2025-11-10,14.19
2025-11-11,14.26
2025-11-12,14.3
2025-11-13,14.2
2025-11-14,14.13
2025-11-17,13.86
2025-11-18,13.84
2025-11-19,13.89
2025-11-20,13.81
2025-11-21,14.04
2025-11-24,14.23
2025-11-25,14.4
2025-11-26,14.55
2025-11-28,14.64
2025-12-01,14.56
2025-12-02,14.54
2025-12-03,14.78
2025-12-04,14.87
2025-12-05,14.91
2025-12-08,14.95
2025-12-09,15.01
2025-12-10,15.05
2025-12-11,14.86
2025-12-12,14.84
2025-12-15,14.74
2025-12-16,14.69
2025-12-17,14.61
2025-12-18,14.57
2025-12-19,14.43
2025-12-22,14.43
2025-12-23,14.35
2025-12-24,14.38
2025-12-26,14.52
2025-12-29,14.08
2025-12-30,14.16
2025-12-31,14.18
2026-01-02,14.26
2026-01-05,14.45
2026-01-06,14.34
2026-01-07,13.97
2026-01-08,14.39
2026-01-09,14.34
2026-01-12,14.32
2026-01-13,14.23
2026-01-14,14.47
2026-01-15,14.6
2026-01-16,14.53
2026-01-20,14.33
2026-01-21,14.5
2026-01-22,14.5
2026-01-23,14.4
2026-01-26,14.21
2026-01-27,14.23
2026-01-28,14.12
2026-01-29,14.14
2026-01-30,14.0
2026-02-02,13.76
2026-02-03,13.45
2026-02-04,13.61
2026-02-05,13.21
2026-02-06,13.42
2026-02-09,13.58
2026-02-10,13.8
2026-02-11,13.76
2026-02-12,13.61
2026-02-13,13.42
2026-02-17,13.33
2026-02-18,13.44
2026-02-19,13.2
2026-02-20,13.16
2026-02-23,13.02
2026-02-24,13.16
2026-02-25,13.4
2026-02-26,13.16
2026-02-27,12.68
2026-03-02,12.9
2026-03-03,12.96
2026-03-04,13.07
2026-03-05,13.0
2026-03-06,12.83
2026-03-09,12.88
2026-03-10,12.78
2026-03-11,12.7
2026-03-12,12.51
2026-03-13,12.48
2026-03-16,12.54
2026-03-17,12.95
2026-03-18,12.9
2026-03-19,12.94
2026-03-20,12.7
2026-03-23,12.92
2026-03-24,12.69
2026-03-25,12.81
2026-03-26,12.64
2026-03-27,12.38
2026-03-30,12.51
2026-03-31,12.8
2026-04-01,12.11
2026-04-02,12.37
2026-04-06,12.53
2026-04-07,12.4
2026-04-08,12.39
2026-04-09,12.3
2026-04-10,12.36
2026-04-13,12.51
2026-04-14,12.85
2026-04-15,13.17
2026-04-16,12.96
2026-04-17,13.2
2026-04-20,13.18
2026-04-21,12.88
2026-04-22,12.99
2026-04-23,12.71
2026-04-24,12.7
2026-04-27,12.73
2026-04-28,12.91
2026-04-29,12.76
2026-04-30,13.15
2026-05-01,13.29
2026-05-04,13.3
2026-05-05,13.36
2026-05-06,13.27
2026-05-07,13.03
2026-05-08,12.9
2026-05-11,12.62
2026-05-12,12.67
2026-05-13,12.57
2026-05-14,12.63
2026-05-15,12.61
2026-05-18,12.52
2026-05-19,12.41
2026-05-20,12.51
2026-05-21,12.52
2026-05-22,12.38
2026-05-26,12.57
2026-05-27,12.57
2026-05-28,12.59
2026-05-29,12.63
2026-06-01,12.8
2026-06-02,12.71
2026-06-03,12.42
2026-06-04,12.7
2026-06-05,12.49
2026-06-08,12.45
2026-06-09,12.59
2026-06-10,12.61
2026-06-11,12.62
2026-06-12,12.71
2026-06-15,12.54
2026-06-16,12.62
2026-06-17,12.34
2026-06-18,12.36
2026-06-22,12.22
2026-06-23,12.3
2026-06-24,12.21
2026-06-25,12.25
2026-06-26,12.44
2026-06-29,12.67
2026-06-30,12.66
2026-07-01,12.54
2026-07-02,12.51
2026-07-06,12.45
2026-07-07,12.37
2026-07-08,12.32
2026-07-09,12.28
2026-07-10,12.55
2026-07-13,12.47
2026-07-14,12.56
2026-07-15,12.67
2026-07-16,12.86
2026-07-17,12.72
2026-07-20,12.57
2026-07-21,12.59
2026-07-22,12.46
2026-07-23,12.3
2026-07-24,12.34
2026-07-27,12.46
2026-07-28,12.65
2026-07-29,12.45
2026-07-30,12.42
2026-07-31,12.4
2026-08-03,12.74
2026-08-04,12.96
2026-08-05,12.72
2026-08-06,13.12
2026-08-07,13.41
2026-08-10,13.32
2026-08-11,13.385
