Date,source
2018-01-31,announced
2018-03-21,announced
2018-05-02,announced
2018-06-13,announced
2018-08-01,announced
2018-09-26,announced
2018-11-08,announced
2018-12-19,announced
2019-01-30,announced
2019-03-20,announced
2019-05-01,announced
2019-06-19,announced
2019-07-31,announced
2019-09-18,announced
2019-10-30,announced
2019-12-11,announced
2020-01-29,announced
2020-03-03,announced
2020-03-15,announced
2020-04-29,announced
2020-06-10,announced
2020-07-29,announced
2020-09-16,announced
2020-11-05,announced
2020-12-16,announced
2021-01-27,statement_url
2021-03-17,statement_url
2021-04-28,statement_url
2021-06-16,statement_url
2021-07-28,statement_url
2021-09-22,statement_url
2021-11-03,statement_url
2021-12-15,statement_url
2022-01-26,statement_url
2022-03-16,statement_url
2022-05-04,statement_url
2022-06-15,statement_url
2022-07-27,statement_url
2022-09-21,statement_url
2022-11-02,statement_url
2022-12-14,statement_url
2023-02-01,statement_url
2023-03-22,statement_url
2023-05-03,statement_url
2023-06-14,statement_url
2023-07-26,statement_url
2023-09-20,statement_url
2023-11-01,statement_url
2023-12-13,statement_url
2024-01-31,statement_url
2024-03-20,statement_url
2024-05-01,statement_url
2024-06-12,statement_url
2024-07-31,statement_url
2024-09-18,statement_url
2024-11-07,statement_url
2024-12-18,statement_url
2025-01-29,statement_url
2025-03-19,statement_url
2025-05-07,statement_url
2025-06-18,statement_url
2025-07-30,statement_url
2025-09-17,statement_url
2025-10-29,statement_url
2025-12-10,statement_url
2026-01-28,statement_url
2026-03-18,statement_url
2026-04-29,statement_url
2026-06-17,statement_url
2026-07-29,statement_url
2026-09-16,scheduled
2026-10-28,scheduled
2026-12-09,scheduled
2027-01-27,scheduled
2027-03-17,scheduled
2027-04-28,scheduled
2027-06-09,scheduled
2027-07-28,scheduled
2027-09-15,scheduled
2027-10-27,scheduled
2027-12-08,scheduled
