DATE,N7,TPU_RAW,TPU_SHARE,TPU,None
1960-01-01 00:00:00,40817,74,0.001812970085993581,18.12970085993581,
1960-02-01 00:00:00,37415,43,0.001149271682480289,11.49271682480289,
1960-03-01 00:00:00,41378,63,0.001522548214026778,15.22548214026777,
1960-04-01 00:00:00,40450,73,0.001804697156983931,18.04697156983931,
1960-05-01 00:00:00,42316,75,0.001772379241894319,17.72379241894319,
1960-06-01 00:00:00,40626,61,0.001501501501501501,15.01501501501502,
1960-07-01 00:00:00,42639,79,0.001852763901592439,18.52763901592439,
1960-08-01 00:00:00,40536,54,0.00133214920071048,13.3214920071048,
1960-09-01 00:00:00,42294,62,0.001465928973376838,14.65928973376838,
1960-10-01 00:00:00,43578,60,0.00137684152554041,13.7684152554041,
1960-11-01 00:00:00,40803,72,0.001764576134107786,17.64576134107786,
1960-12-01 00:00:00,40206,73,0.001815649405561359,18.15649405561359,
1961-01-01 00:00:00,41167,58,0.001408895474530571,14.0889547453057,
1961-02-01 00:00:00,36125,76,0.002103806228373702,21.03806228373702,
1961-03-01 00:00:00,40311,81,0.002009377093101138,20.09377093101138,
1961-04-01 00:00:00,40426,39,0.0009647256715974868,9.647256715974867,
1961-05-01 00:00:00,40568,72,0.001774797870242556,17.74797870242556,
1961-06-01 00:00:00,39680,69,0.001738911290322581,17.38911290322581,
1961-07-01 00:00:00,39632,80,0.0020185708518369,20.18570851836899,
1961-08-01 00:00:00,38125,58,0.001521311475409836,15.21311475409836,
1961-09-01 00:00:00,37594,62,0.001649199340320264,16.49199340320264,
1961-10-01 00:00:00,42156,62,0.001470727773033495,14.70727773033495,
1961-11-01 00:00:00,39426,152,0.003855323897935373,38.55323897935373,
1961-12-01 00:00:00,39188,159,0.004057364499336531,40.57364499336531,
1962-01-01 00:00:00,41467,235,0.005667157016422697,56.67157016422697,
1962-02-01 00:00:00,38193,109,0.002853926112114785,28.53926112114785,
1962-03-01 00:00:00,43429,135,0.00310852195537544,31.0852195537544,
1962-04-01 00:00:00,43473,109,0.002507303383709429,25.07303383709429,
1962-05-01 00:00:00,42893,128,0.002984169911174317,29.84169911174317,
1962-06-01 00:00:00,43016,169,0.003928770689975823,39.28770689975823,
1962-07-01 00:00:00,41472,121,0.002917631172839506,29.17631172839506,
1962-08-01 00:00:00,41326,107,0.002589169046121086,25.89169046121086,
1962-09-01 00:00:00,42591,169,0.003967974454697001,39.67974454697001,
1962-10-01 00:00:00,44028,108,0.002452984464431725,24.52984464431725,
1962-11-01 00:00:00,42793,91,0.002126516018975066,21.26516018975066,
1962-12-01 00:00:00,36328,90,0.002477427879321735,24.77427879321735,
1963-01-01 00:00:00,36992,162,0.004379325259515571,43.79325259515571,
1963-02-01 00:00:00,33704,141,0.004183479705672917,41.83479705672917,
1963-03-01 00:00:00,37598,99,0.002633118782913985,26.33118782913985,
1963-04-01 00:00:00,42262,109,0.00257914911741044,25.7914911741044,
1963-05-01 00:00:00,45108,125,0.00277112707280305,27.7112707280305,
1963-06-01 00:00:00,43090,89,0.002065444418658622,20.65444418658621,
1963-07-01 00:00:00,41606,102,0.002451569485170408,24.51569485170408,
1963-08-01 00:00:00,41879,97,0.002316196661811409,23.16196661811409,
1963-09-01 00:00:00,43044,116,0.002694916829290958,26.94916829290958,
1963-10-01 00:00:00,45510,110,0.002417051197539002,24.17051197539002,
1963-11-01 00:00:00,43451,110,0.002531587305240386,25.31587305240385,
1963-12-01 00:00:00,43967,123,0.002797552709987036,27.97552709987036,
1964-01-01 00:00:00,45215,139,0.003074201039478049,30.74201039478049,
1964-02-01 00:00:00,41217,84,0.002037994031588907,20.37994031588907,
1964-03-01 00:00:00,45312,112,0.002471751412429379,24.71751412429379,
1964-04-01 00:00:00,44412,70,0.001576150589930649,15.76150589930649,
1964-05-01 00:00:00,47005,118,0.002510371237102436,25.10371237102436,
1964-06-01 00:00:00,43652,75,0.001718134335196555,17.18134335196554,
1964-07-01 00:00:00,43429,56,0.001289460959266849,12.89460959266849,
1964-08-01 00:00:00,39598,62,0.001565735643214304,15.65735643214304,
1964-09-01 00:00:00,38211,50,0.001308523723535108,13.08523723535108,
1964-10-01 00:00:00,40798,105,0.002573655571351537,25.73655571351537,
1964-11-01 00:00:00,40652,177,0.004354029322050576,43.54029322050576,
1964-12-01 00:00:00,39239,115,0.002930757664568414,29.30757664568414,
1965-01-01 00:00:00,39695,139,0.003501700466053659,35.01700466053659,
1965-02-01 00:00:00,35676,99,0.00277497477295661,27.7497477295661,
1965-03-01 00:00:00,39250,62,0.001579617834394904,15.79617834394904,
1965-04-01 00:00:00,38982,63,0.001616130521779283,16.16130521779283,
1965-05-01 00:00:00,40109,59,0.001470991548031614,14.70991548031614,
1965-06-01 00:00:00,37613,65,0.001728125913912743,17.28125913912743,
1965-07-01 00:00:00,37736,67,0.001775492898028408,17.75492898028408,
1965-08-01 00:00:00,38272,42,0.001097408026755853,10.97408026755853,
1965-09-01 00:00:00,34146,61,0.00178644643589293,17.8644643589293,
1965-10-01 00:00:00,36695,66,0.001798610164872598,17.98610164872598,
1965-11-01 00:00:00,37125,70,0.001885521885521885,18.85521885521885,
1965-12-01 00:00:00,37273,50,0.001341453599120006,13.41453599120006,
1966-01-01 00:00:00,39015,72,0.001845444059976932,18.45444059976932,
1966-02-01 00:00:00,34419,34,0.0009878264911821959,9.878264911821958,
1966-03-01 00:00:00,38998,52,0.001333401712908354,13.33401712908354,
1966-04-01 00:00:00,37596,67,0.001782104479199915,17.82104479199915,
1966-05-01 00:00:00,39824,71,0.001782844515869827,17.82844515869827,
1966-06-01 00:00:00,38075,54,0.001418253447143795,14.18253447143795,
1966-07-01 00:00:00,38376,46,0.001198665832812174,11.98665832812174,
1966-08-01 00:00:00,36673,42,0.001145256728383279,11.45256728383279,
1966-09-01 00:00:00,37987,67,0.001763761286755995,17.63761286755996,
1966-10-01 00:00:00,39778,56,0.00140781336417115,14.0781336417115,
1966-11-01 00:00:00,39331,65,0.001652640410871831,16.52640410871831,
1966-12-01 00:00:00,38148,74,0.00193981335849848,19.3981335849848,
1967-01-01 00:00:00,37759,75,0.001986281416351069,19.86281416351068,
1967-02-01 00:00:00,34215,77,0.002250474937892737,22.50474937892737,
1967-03-01 00:00:00,37431,83,0.002217413373941385,22.17413373941385,
1967-04-01 00:00:00,37241,105,0.002819473161300717,28.19473161300717,
1967-05-01 00:00:00,36816,153,0.004155801825293351,41.55801825293351,
1967-06-01 00:00:00,36776,65,0.001767457037198173,17.67457037198173,
1967-07-01 00:00:00,35756,69,0.001929746056605884,19.29746056605884,
1967-08-01 00:00:00,35961,46,0.001279163538277579,12.79163538277578,
1967-09-01 00:00:00,35693,71,0.001989185554590536,19.89185554590536,
1967-10-01 00:00:00,38226,99,0.002589860304504788,25.89860304504787,
1967-11-01 00:00:00,36652,107,0.00291934955800502,29.1934955800502,
1967-12-01 00:00:00,35731,67,0.001875122442696818,18.75122442696818,
1968-01-01 00:00:00,35811,118,0.00329507693166904,32.9507693166904,
1968-02-01 00:00:00,34873,81,0.002322713847389097,23.22713847389097,
1968-03-01 00:00:00,35273,100,0.002835029626059592,28.35029626059593,
1968-04-01 00:00:00,36778,62,0.001685790418184784,16.85790418184784,
1968-05-01 00:00:00,38092,89,0.002336448598130841,23.36448598130841,
1968-06-01 00:00:00,36736,84,0.002286585365853658,22.86585365853658,
1968-07-01 00:00:00,34633,70,0.002021193659226749,20.21193659226749,
1968-08-01 00:00:00,36615,70,0.001911784787655333,19.11784787655333,
1968-09-01 00:00:00,36128,45,0.001245571302037201,12.45571302037201,
1968-10-01 00:00:00,37783,66,0.001746817351719027,17.46817351719027,
1968-11-01 00:00:00,37018,109,0.002944513479928683,29.44513479928683,
1968-12-01 00:00:00,36673,71,0.001936029231314591,19.36029231314591,
1969-01-01 00:00:00,36300,80,0.002203856749311295,22.03856749311295,
1969-02-01 00:00:00,33170,60,0.001808863430810974,18.08863430810974,
1969-03-01 00:00:00,37128,71,0.001912303382891618,19.12303382891618,
1969-04-01 00:00:00,36002,55,0.001527692905949669,15.27692905949669,
1969-05-01 00:00:00,36858,87,0.002360410223018069,23.60410223018069,
1969-06-01 00:00:00,35601,73,0.002050504199320244,20.50504199320244,
1969-07-01 00:00:00,34078,56,0.00164328892540642,16.4328892540642,
1969-08-01 00:00:00,34122,61,0.001787702948244534,17.87702948244534,
1969-09-01 00:00:00,34412,41,0.001191444844821574,11.91444844821574,
1969-10-01 00:00:00,36233,79,0.002180332845748351,21.80332845748351,
1969-11-01 00:00:00,36798,86,0.002337083537148758,23.37083537148758,
1969-12-01 00:00:00,33426,63,0.001884760366182014,18.84760366182014,
1970-01-01 00:00:00,35464,82,0.002312203925107151,23.12203925107151,
1970-02-01 00:00:00,32683,118,0.003610439678120123,36.10439678120123,
1970-03-01 00:00:00,36526,95,0.002600887039369216,26.00887039369216,
1970-04-01 00:00:00,35110,73,0.002079179720877243,20.79179720877243,
1970-05-01 00:00:00,36129,69,0.001909823133770655,19.09823133770655,
1970-06-01 00:00:00,34258,65,0.001897367038356004,18.97367038356004,
1970-07-01 00:00:00,33655,110,0.003268459367107414,32.68459367107413,
1970-08-01 00:00:00,34377,166,0.004828809960147773,48.28809960147773,
1970-09-01 00:00:00,33787,70,0.002071802764376831,20.71802764376831,
1970-10-01 00:00:00,35269,80,0.002268280926592758,22.68280926592758,
1970-11-01 00:00:00,35812,97,0.002708589299676086,27.08589299676086,
1970-12-01 00:00:00,33340,91,0.002729454109178164,27.29454109178164,
1971-01-01 00:00:00,33022,87,0.002634607231542608,26.34607231542608,
1971-02-01 00:00:00,30615,75,0.002449779519843214,24.49779519843214,
1971-03-01 00:00:00,32732,68,0.002077477697665893,20.77477697665893,
1971-04-01 00:00:00,32365,57,0.001761161748802719,17.61161748802719,
1971-05-01 00:00:00,33699,71,0.002106887444731298,21.06887444731298,
1971-06-01 00:00:00,32321,95,0.002939265493023112,29.39265493023112,
1971-07-01 00:00:00,32159,88,0.002736403495133555,27.36403495133555,
1971-08-01 00:00:00,31826,305,0.00958335951737573,95.8335951737573,
1971-09-01 00:00:00,31480,284,0.009021601016518424,90.21601016518424,
1971-10-01 00:00:00,34238,230,0.006717682107599743,67.17682107599742,
1971-11-01 00:00:00,33096,229,0.006919265167996133,69.19265167996133,
1971-12-01 00:00:00,33364,180,0.00539503656635895,53.95036566358949,
1972-01-01 00:00:00,33004,139,0.004211610713852866,42.11610713852865,
1972-02-01 00:00:00,31064,89,0.002865052794231264,28.65052794231264,
1972-03-01 00:00:00,33538,108,0.003220227801300018,32.20227801300018,
1972-04-01 00:00:00,32285,86,0.002663775747251045,26.63775747251045,
1972-05-01 00:00:00,32554,107,0.003286846470479818,32.86846470479819,
1972-06-01 00:00:00,32444,104,0.003205523363333744,32.05523363333744,
1972-07-01 00:00:00,31563,86,0.002724709311535659,27.24709311535659,
1972-08-01 00:00:00,31863,74,0.002322442958917867,23.22442958917867,
1972-09-01 00:00:00,32460,102,0.003142329020332717,31.42329020332717,
1972-10-01 00:00:00,34934,101,0.002891166199118337,28.91166199118337,
1972-11-01 00:00:00,33774,92,0.002723988867175934,27.23988867175934,
1972-12-01 00:00:00,33028,68,0.00205885914981228,20.5885914981228,
1973-01-01 00:00:00,33320,87,0.002611044417767107,26.11044417767107,
1973-02-01 00:00:00,30402,159,0.005229919084270771,52.29919084270771,
1973-03-01 00:00:00,34288,131,0.003820578628091461,38.20578628091461,
1973-04-01 00:00:00,33887,126,0.003718240033051023,37.18240033051023,
1973-05-01 00:00:00,34323,82,0.002389068554613525,23.89068554613524,
1973-06-01 00:00:00,33398,106,0.003173842745074556,31.73842745074555,
1973-07-01 00:00:00,32625,90,0.002758620689655172,27.58620689655172,
1973-08-01 00:00:00,33216,66,0.001986994219653179,19.86994219653179,
1973-09-01 00:00:00,32370,87,0.002687673772011121,26.87673772011122,
1973-10-01 00:00:00,32350,87,0.002689335394126739,26.89335394126739,
1973-11-01 00:00:00,32143,75,0.002333322963009053,23.33322963009053,
1973-12-01 00:00:00,31701,89,0.002807482413803981,28.07482413803981,
1974-01-01 00:00:00,31707,81,0.002554640931024695,25.54640931024695,
1974-02-01 00:00:00,29436,61,0.002072292431036825,20.72292431036825,
1974-03-01 00:00:00,33344,106,0.003178982725527831,31.78982725527831,
1974-04-01 00:00:00,31592,79,0.002500633071663712,25.00633071663712,
1974-05-01 00:00:00,33614,72,0.00214196465758315,21.4196465758315,
1974-06-01 00:00:00,33735,76,0.002252853119905143,22.52853119905143,
1974-07-01 00:00:00,30810,82,0.002661473547549497,26.61473547549497,
1974-08-01 00:00:00,32014,62,0.001936652714437434,19.36652714437433,
1974-09-01 00:00:00,32271,73,0.0022620929007468,22.620929007468,
1974-10-01 00:00:00,34052,100,0.002936685069893105,29.36685069893105,
1974-11-01 00:00:00,32998,99,0.00300018182920177,30.0018182920177,
1974-12-01 00:00:00,32031,136,0.004245886797165246,42.45886797165246,
1975-01-01 00:00:00,31428,285,0.009068346697212676,90.68346697212675,
1975-02-01 00:00:00,29528,208,0.007044161473855324,70.44161473855324,
1975-03-01 00:00:00,32674,160,0.004896859888596438,48.96859888596438,
1975-04-01 00:00:00,31972,127,0.0039722256974853,39.722256974853,
1975-05-01 00:00:00,33125,171,0.005162264150943396,51.62264150943396,
1975-06-01 00:00:00,31473,133,0.00422584437454326,42.25844374543259,
1975-07-01 00:00:00,31484,101,0.003207978655825181,32.07978655825181,
1975-08-01 00:00:00,31933,151,0.004728650612219334,47.28650612219334,
1975-09-01 00:00:00,31891,100,0.003135680913110282,31.35680913110282,
1975-10-01 00:00:00,30764,80,0.002600442075152776,26.00442075152776,
1975-11-01 00:00:00,31310,94,0.003002235707441712,30.02235707441712,
1975-12-01 00:00:00,30332,74,0.002439667677700119,24.39667677700119,
1976-01-01 00:00:00,30779,81,0.002631664446538224,26.31664446538224,
1976-02-01 00:00:00,29985,65,0.002167750541937635,21.67750541937635,
1976-03-01 00:00:00,32700,94,0.002874617737003058,28.74617737003058,
1976-04-01 00:00:00,31649,61,0.001927391070807924,19.27391070807925,
1976-05-01 00:00:00,33247,86,0.002586699551839264,25.86699551839263,
1976-06-01 00:00:00,31289,68,0.002173287736904343,21.73287736904343,
1976-07-01 00:00:00,31256,80,0.002559508574353724,25.59508574353724,
1976-08-01 00:00:00,31211,85,0.002723398801704527,27.23398801704527,
1976-09-01 00:00:00,31204,73,0.002339443661069094,23.39443661069093,
1976-10-01 00:00:00,33083,85,0.00256929540851797,25.6929540851797,
1976-11-01 00:00:00,31764,90,0.002833396297695504,28.33396297695504,
1976-12-01 00:00:00,32270,87,0.002696002479082739,26.96002479082739,
1977-01-01 00:00:00,31464,89,0.002828629544876685,28.28629544876685,
1977-02-01 00:00:00,29715,73,0.002456671714622245,24.56671714622245,
1977-03-01 00:00:00,33017,88,0.002665293636611442,26.65293636611442,
1977-04-01 00:00:00,31747,117,0.003685387595678332,36.85387595678332,
1977-05-01 00:00:00,33817,113,0.00334151462282284,33.4151462282284,
1977-06-01 00:00:00,31970,114,0.00356584297779168,35.65842977791679,
1977-07-01 00:00:00,31402,81,0.002579453537991211,25.79453537991211,
1977-08-01 00:00:00,31450,63,0.002003179650238474,20.03179650238474,
1977-09-01 00:00:00,32259,88,0.002727920890294181,27.27920890294181,
1977-10-01 00:00:00,34347,160,0.004658339884123795,46.58339884123795,
1977-11-01 00:00:00,33627,130,0.00386594105926785,38.6594105926785,
1977-12-01 00:00:00,32095,164,0.005109830191618633,51.09830191618633,
1978-01-01 00:00:00,31580,155,0.004908169727675744,49.08169727675744,
1978-02-01 00:00:00,29749,91,0.003058926350465562,30.58926350465562,
1978-03-01 00:00:00,33741,127,0.00376396668741294,37.6396668741294,
1978-04-01 00:00:00,34567,135,0.003905458963751555,39.05458963751555,
1978-05-01 00:00:00,34037,90,0.002644181332079795,26.44181332079795,
1978-06-01 00:00:00,34154,112,0.003279264507817532,32.79264507817533,
1978-07-01 00:00:00,32852,132,0.004018020211859248,40.18020211859248,
1978-08-01 00:00:00,23484,64,0.002725259751320048,27.25259751320048,
1978-09-01 00:00:00,27234,66,0.00242344128662701,24.23441286627011,
1978-10-01 00:00:00,28832,69,0.002393174250832408,23.93174250832408,
1978-11-01 00:00:00,33465,115,0.003436426116838488,34.36426116838488,
1978-12-01 00:00:00,33625,118,0.003509293680297398,35.09293680297398,
1979-01-01 00:00:00,32389,98,0.00302571860816944,30.2571860816944,
1979-02-01 00:00:00,31061,148,0.004764817616947297,47.64817616947298,
1979-03-01 00:00:00,35182,123,0.003496105963276676,34.96105963276676,
1979-04-01 00:00:00,34352,163,0.004744993013507219,47.44993013507219,
1979-05-01 00:00:00,34948,144,0.004120407462515738,41.20407462515738,
1979-06-01 00:00:00,33923,120,0.003537422987353713,35.37422987353713,
1979-07-01 00:00:00,33345,122,0.003658719448193132,36.58719448193132,
1979-08-01 00:00:00,33745,112,0.00331901022373685,33.1901022373685,
1979-09-01 00:00:00,34612,95,0.002744712816364267,27.44712816364267,
1979-10-01 00:00:00,35558,139,0.003909106248945385,39.09106248945385,
1979-11-01 00:00:00,35974,110,0.003057763940623784,30.57763940623784,
1979-12-01 00:00:00,35240,128,0.003632236095346198,36.32236095346197,
1980-01-01 00:00:00,34251,117,0.003415958658141368,34.15958658141368,
1980-02-01 00:00:00,33288,120,0.003604902667627974,36.04902667627974,
1980-03-01 00:00:00,35955,249,0.006925323320817689,69.2532332081769,
1980-04-01 00:00:00,33733,169,0.005009930928171227,50.09930928171227,
1980-05-01 00:00:00,35610,206,0.005784891884302162,57.84891884302162,
1980-06-01 00:00:00,35183,161,0.004576073671943836,45.76073671943837,
1980-07-01 00:00:00,33578,120,0.003573768538924296,35.73768538924296,
1980-08-01 00:00:00,34301,136,0.003964898982536953,39.64898982536953,
1980-09-01 00:00:00,34025,131,0.003850110213078618,38.50110213078619,
1980-10-01 00:00:00,36278,165,0.004548211036992117,45.48211036992117,
1980-11-01 00:00:00,35032,132,0.003767983557889929,37.67983557889929,
1980-12-01 00:00:00,33789,114,0.003373879073071118,33.73879073071117,
1981-01-01 00:00:00,38128,123,0.003225975660931599,32.25975660931599,
1981-02-01 00:00:00,35393,104,0.002938434153646201,29.38434153646201,
1981-03-01 00:00:00,40417,124,0.003068015933889205,30.68015933889205,
1981-04-01 00:00:00,38031,86,0.002261313139281113,22.61313139281113,
1981-05-01 00:00:00,38451,106,0.002756755350966165,27.56755350966165,
1981-06-01 00:00:00,37824,117,0.003093274111675127,30.93274111675127,
1981-07-01 00:00:00,36867,99,0.00268532834242005,26.8532834242005,
1981-08-01 00:00:00,38093,84,0.002205129551361143,22.05129551361143,
1981-09-01 00:00:00,38584,93,0.002410325523533071,24.10325523533071,
1981-10-01 00:00:00,41914,138,0.003292455981295033,32.92455981295033,
1981-11-01 00:00:00,40499,164,0.004049482703276625,40.49482703276625,
1981-12-01 00:00:00,39580,110,0.002779181404749874,27.79181404749874,
1982-01-01 00:00:00,38209,168,0.004396869847418147,43.96869847418147,
1982-02-01 00:00:00,36488,140,0.003836877877658408,38.36877877658409,
1982-03-01 00:00:00,38002,131,0.003447186990158413,34.47186990158413,
1982-04-01 00:00:00,38244,152,0.003974479656939651,39.74479656939651,
1982-05-01 00:00:00,39379,131,0.003326646181975164,33.26646181975164,
1982-06-01 00:00:00,37855,100,0.002641658961828028,26.41658961828028,
1982-07-01 00:00:00,37991,139,0.003658761285567635,36.58761285567634,
1982-08-01 00:00:00,36991,130,0.00351436835987132,35.1436835987132,
1982-09-01 00:00:00,37950,116,0.0030566534914361,30.566534914361,
1982-10-01 00:00:00,40007,172,0.004299247631664459,42.99247631664458,
1982-11-01 00:00:00,37711,181,0.004799660576489618,47.99660576489618,
1982-12-01 00:00:00,40070,175,0.004367357125031195,43.67357125031195,
1983-01-01 00:00:00,35281,156,0.004421643377455288,44.21643377455288,
1983-02-01 00:00:00,33164,159,0.00479435532505126,47.94355325051261,
1983-03-01 00:00:00,41666,164,0.003936062977007633,39.36062977007632,
1983-04-01 00:00:00,37720,127,0.003366914103923648,33.66914103923648,
1983-05-01 00:00:00,41667,169,0.004055967552259582,40.55967552259582,
1983-06-01 00:00:00,39794,123,0.003090918228878725,30.90918228878725,
1983-07-01 00:00:00,39755,153,0.003848572506602943,38.48572506602943,
1983-08-01 00:00:00,40952,114,0.002783746825551866,27.83746825551865,
1983-09-01 00:00:00,41127,123,0.002990736012838282,29.90736012838282,
1983-10-01 00:00:00,43712,118,0.002699487554904832,26.99487554904831,
1983-11-01 00:00:00,44121,134,0.003037102513542304,30.37102513542304,
1983-12-01 00:00:00,43057,105,0.002438627865387742,24.38627865387742,
1984-01-01 00:00:00,40033,101,0.002522918592161467,25.22918592161466,
1984-02-01 00:00:00,39734,112,0.00281874465193537,28.1874465193537,
1984-03-01 00:00:00,43410,121,0.002787376180603548,27.87376180603547,
1984-04-01 00:00:00,41354,120,0.002901774918992117,29.01774918992117,
1984-05-01 00:00:00,42878,97,0.002262232380241616,22.62232380241616,
1984-06-01 00:00:00,39125,132,0.003373801916932907,33.73801916932907,
1984-07-01 00:00:00,39654,127,0.00320270338427397,32.0270338427397,
1984-08-01 00:00:00,38453,125,0.003250721660208566,32.50721660208566,
1984-09-01 00:00:00,34084,148,0.004342213355239996,43.42213355239996,
1984-10-01 00:00:00,36715,105,0.002859866539561487,28.59866539561487,
1984-11-01 00:00:00,37513,89,0.002372510862900861,23.72510862900861,
1984-12-01 00:00:00,36473,94,0.002577248923861487,25.77248923861487,
1985-01-01 00:00:00,40237,107,0.002659243979421925,26.59243979421925,
1985-02-01 00:00:00,37200,114,0.003064516129032258,30.64516129032258,
1985-03-01 00:00:00,42885,182,0.004243908126384517,42.43908126384517,
1985-04-01 00:00:00,42119,177,0.004202378973859778,42.02378973859778,
1985-05-01 00:00:00,45168,143,0.003165958200495926,31.65958200495926,
1985-06-01 00:00:00,42812,149,0.003480332617023265,34.80332617023264,
1985-07-01 00:00:00,40083,202,0.005039542948382107,50.39542948382108,
1985-08-01 00:00:00,41206,173,0.004198417706159297,41.98417706159297,
1985-09-01 00:00:00,42312,254,0.006003025146530535,60.03025146530535,
1985-10-01 00:00:00,45381,164,0.00361384720477733,36.1384720477733,
1985-11-01 00:00:00,43960,174,0.003958143767060964,39.58143767060965,
1985-12-01 00:00:00,42953,191,0.004446720834400391,44.46720834400391,
1986-01-01 00:00:00,38508,155,0.004025137633738444,40.25137633738444,
1986-02-01 00:00:00,35694,147,0.004118339216675071,41.18339216675071,
1986-03-01 00:00:00,39731,160,0.004027082127306134,40.27082127306134,
1986-04-01 00:00:00,38747,169,0.00436162799700622,43.61627997006219,
1986-05-01 00:00:00,39793,166,0.004171587967733019,41.71587967733019,
1986-06-01 00:00:00,38097,157,0.004121059401002704,41.21059401002704,
1986-07-01 00:00:00,38391,123,0.003203875908416035,32.03875908416035,
1986-08-01 00:00:00,38921,147,0.003776881375093137,37.76881375093137,
1986-09-01 00:00:00,38244,188,0.004915803786214831,49.1580378621483,
1986-10-01 00:00:00,42422,184,0.004337372118240535,43.37372118240535,
1986-11-01 00:00:00,40447,179,0.004425544539768091,44.25544539768092,
1986-12-01 00:00:00,39323,132,0.003356814078274801,33.56814078274801,
1987-01-01 00:00:00,41797,214,0.00511998468789626,51.1998468789626,
1987-02-01 00:00:00,39127,190,0.004855981802847139,48.55981802847139,
1987-03-01 00:00:00,44900,289,0.00643652561247216,64.3652561247216,
1987-04-01 00:00:00,43471,362,0.008327390674242598,83.27390674242598,
1987-05-01 00:00:00,44864,193,0.004301890156918687,43.01890156918687,
1987-06-01 00:00:00,42115,187,0.004440223198385373,44.40223198385374,
1987-07-01 00:00:00,42945,204,0.004750261962975899,47.50261962975899,
1987-08-01 00:00:00,40704,126,0.003095518867924528,30.95518867924528,
1987-09-01 00:00:00,42215,155,0.003671680682221959,36.71680682221959,
1987-10-01 00:00:00,44879,201,0.004478709418659061,44.78709418659061,
1987-11-01 00:00:00,44805,228,0.005088717777033814,50.88717777033813,
1987-12-01 00:00:00,44335,191,0.004308108717717379,43.08108717717379,
1988-01-01 00:00:00,44372,220,0.004958081673127198,49.58081673127197,
1988-02-01 00:00:00,43377,264,0.006086174700878346,60.86174700878345,
1988-03-01 00:00:00,46818,246,0.00525438933743432,52.5438933743432,
1988-04-01 00:00:00,43962,165,0.003753241435785451,37.53241435785451,
1988-05-01 00:00:00,45975,149,0.003240891789015769,32.4089178901577,
1988-06-01 00:00:00,43953,185,0.004209041476122222,42.09041476122222,
1988-07-01 00:00:00,43054,195,0.004529195893529057,45.29195893529057,
1988-08-01 00:00:00,42437,163,0.00384098781723496,38.4098781723496,
1988-09-01 00:00:00,43447,186,0.004281078095150413,42.81078095150414,
1988-10-01 00:00:00,45575,213,0.004673614920460779,46.73614920460779,
1988-11-01 00:00:00,43521,222,0.005100985731026401,51.00985731026402,
1988-12-01 00:00:00,44973,223,0.004958530673959931,49.58530673959931,
1989-01-01 00:00:00,43348,161,0.0037141275260681,37.141275260681,
1989-02-01 00:00:00,40763,138,0.003385423055221647,33.85423055221647,
1989-03-01 00:00:00,46137,152,0.003294535838914537,32.94535838914537,
1989-04-01 00:00:00,44654,159,0.003560711246472881,35.60711246472881,
1989-05-01 00:00:00,45018,191,0.004242747345506242,42.42747345506243,
1989-06-01 00:00:00,43509,174,0.003999172584982417,39.99172584982417,
1989-07-01 00:00:00,42266,167,0.003951166422183315,39.51166422183315,
1989-08-01 00:00:00,43163,140,0.003243518754488798,32.43518754488798,
1989-09-01 00:00:00,42958,136,0.003165882955444853,31.65882955444853,
1989-10-01 00:00:00,46805,154,0.003290246768507638,32.90246768507638,
1989-11-01 00:00:00,45362,130,0.002865834839733698,28.65834839733698,
1989-12-01 00:00:00,44764,165,0.003685997676704495,36.85997676704495,
1990-01-01 00:00:00,45924,142,0.003092065151119241,30.9206515111924,
1990-02-01 00:00:00,42691,131,0.003068562460471762,30.68562460471762,
1990-03-01 00:00:00,47869,176,0.003676700996469531,36.76700996469531,
1990-04-01 00:00:00,45827,167,0.003644139917515875,36.44139917515874,
1990-05-01 00:00:00,47959,181,0.003774057007026835,37.74057007026835,
1990-06-01 00:00:00,45528,184,0.004041468986118433,40.41468986118433,
1990-07-01 00:00:00,45148,180,0.003986887569770533,39.86887569770533,
1990-08-01 00:00:00,46160,157,0.003401213171577123,34.01213171577123,
1990-09-01 00:00:00,45798,152,0.00331892222367789,33.1892222367789,
1990-10-01 00:00:00,49176,148,0.003009598177972995,30.09598177972995,
1990-11-01 00:00:00,47684,169,0.003544165757906216,35.44165757906216,
1990-12-01 00:00:00,45420,189,0.00416116248348745,41.6116248348745,
1991-01-01 00:00:00,49545,163,0.0032899384398022,32.89938439802199,
1991-02-01 00:00:00,45388,142,0.003128580241473517,31.28580241473517,
1991-03-01 00:00:00,48442,161,0.003323562198092564,33.23562198092564,
1991-04-01 00:00:00,47302,188,0.003974461967781489,39.74461967781489,
1991-05-01 00:00:00,49597,212,0.004274452083795391,42.7445208379539,
1991-06-01 00:00:00,47114,185,0.00392664600755614,39.2664600755614,
1991-07-01 00:00:00,46809,206,0.004400863081885962,44.00863081885961,
1991-08-01 00:00:00,46118,156,0.003382627173771629,33.8262717377163,
1991-09-01 00:00:00,46699,155,0.003319128889269577,33.19128889269577,
1991-10-01 00:00:00,49551,177,0.003572077253738573,35.72077253738573,
1991-11-01 00:00:00,46103,178,0.003860920113658547,38.60920113658548,
1991-12-01 00:00:00,45587,191,0.004189790949174107,41.89790949174107,
1992-01-01 00:00:00,47137,241,0.005112756433375056,51.12756433375056,
1992-02-01 00:00:00,45420,192,0.004227212681638045,42.27212681638044,
1992-03-01 00:00:00,49584,165,0.003327686350435624,33.27686350435624,
1992-04-01 00:00:00,47777,190,0.00397680892479645,39.7680892479645,
1992-05-01 00:00:00,48391,164,0.003389059949164101,33.89059949164101,
1992-06-01 00:00:00,46391,181,0.003901618848483542,39.01618848483542,
1992-07-01 00:00:00,47675,240,0.005034084950183535,50.34084950183535,
1992-08-01 00:00:00,46857,254,0.005420748233988518,54.20748233988518,
1992-09-01 00:00:00,46575,213,0.004573268921095008,45.73268921095008,
1992-10-01 00:00:00,49904,246,0.004929464571978198,49.29464571978198,
1992-11-01 00:00:00,47166,308,0.006530127634312852,65.30127634312852,
1992-12-01 00:00:00,45424,211,0.004645121521662557,46.45121521662557,
1993-01-01 00:00:00,51663,273,0.005284245978746879,52.84245978746879,
1993-02-01 00:00:00,48768,284,0.005823490813648294,58.23490813648294,
1993-03-01 00:00:00,53925,222,0.00411682892906815,41.1682892906815,
1993-04-01 00:00:00,53692,251,0.004674811890039485,46.74811890039485,
1993-05-01 00:00:00,54230,238,0.00438871473354232,43.8871473354232,
1993-06-01 00:00:00,52333,232,0.004433149255727744,44.33149255727744,
1993-07-01 00:00:00,51556,282,0.005469780432927302,54.69780432927303,
1993-08-01 00:00:00,50670,221,0.004361555160844681,43.61555160844681,
1993-09-01 00:00:00,51948,267,0.00513975513975514,51.3975513975514,
1993-10-01 00:00:00,56190,291,0.005178857447944474,51.78857447944474,
1993-11-01 00:00:00,54542,518,0.00949726816031682,94.9726816031682,
1993-12-01 00:00:00,54013,390,0.007220483957565771,72.20483957565772,
1994-01-01 00:00:00,49355,186,0.003768615135244656,37.68615135244656,
1994-02-01 00:00:00,46227,229,0.004953814870097562,49.53814870097561,
1994-03-01 00:00:00,50877,266,0.00522829569353539,52.28295693535389,
1994-04-01 00:00:00,48665,225,0.004623446008424946,46.23446008424946,
1994-05-01 00:00:00,50556,263,0.0052021520689928,52.021520689928,
1994-06-01 00:00:00,49414,179,0.003622455174646861,36.22455174646861,
1994-07-01 00:00:00,49159,186,0.003783640838910474,37.83640838910474,
1994-08-01 00:00:00,47122,155,0.003289334069012351,32.89334069012352,
1994-09-01 00:00:00,48295,187,0.003872036442695931,38.72036442695931,
1994-10-01 00:00:00,51314,197,0.00383910823556924,38.3910823556924,
1994-11-01 00:00:00,48809,290,0.005941527177364831,59.41527177364831,
1994-12-01 00:00:00,48440,217,0.004479768786127168,44.79768786127168,
1995-01-01 00:00:00,48222,193,0.004002322591348347,40.02322591348346,
1995-02-01 00:00:00,44169,170,0.003848853268129231,38.48853268129231,
1995-03-01 00:00:00,50228,159,0.003165565023492873,31.65565023492872,
1995-04-01 00:00:00,48356,171,0.003536272644552899,35.36272644552899,
1995-05-01 00:00:00,48864,296,0.006057629338572364,60.57629338572363,
1995-06-01 00:00:00,47699,288,0.00603786242898174,60.3786242898174,
1995-07-01 00:00:00,46367,180,0.003882071300709556,38.82071300709556,
1995-08-01 00:00:00,45309,118,0.002604339093778278,26.04339093778278,
1995-09-01 00:00:00,43450,133,0.003060989643268124,30.60989643268124,
1995-10-01 00:00:00,55246,155,0.002805632987003584,28.05632987003584,
1995-11-01 00:00:00,46875,143,0.003050666666666667,30.50666666666666,
1995-12-01 00:00:00,45494,142,0.003121290719655339,31.21290719655339,
1996-01-01 00:00:00,46148,182,0.00394383288549883,39.4383288549883,
1996-02-01 00:00:00,44229,202,0.004567139207307423,45.67139207307422,
1996-03-01 00:00:00,46644,185,0.003966212160192093,39.66212160192093,
1996-04-01 00:00:00,43267,147,0.003397508493771234,33.97508493771234,
1996-05-01 00:00:00,44299,166,0.003747262917898824,37.47262917898824,
1996-06-01 00:00:00,42524,143,0.003362806885523469,33.62806885523469,
1996-07-01 00:00:00,43211,132,0.003054777718636458,30.54777718636458,
1996-08-01 00:00:00,41589,121,0.002909423164779148,29.09423164779148,
1996-09-01 00:00:00,42280,108,0.002554399243140965,25.54399243140965,
1996-10-01 00:00:00,45716,121,0.002646775745909528,26.46775745909528,
1996-11-01 00:00:00,41736,122,0.002923135901859306,29.23135901859306,
1996-12-01 00:00:00,38519,129,0.003348996599080973,33.48996599080973,
1997-01-01 00:00:00,38441,103,0.002679430816055774,26.79430816055774,
1997-02-01 00:00:00,37259,131,0.003515929037279584,35.15929037279584,
1997-03-01 00:00:00,40606,123,0.003029108998670147,30.29108998670148,
1997-04-01 00:00:00,40204,129,0.003208635956621232,32.08635956621232,
1997-05-01 00:00:00,40132,135,0.003363899132861557,33.63899132861557,
1997-06-01 00:00:00,38992,134,0.00343660237997538,34.3660237997538,
1997-07-01 00:00:00,39507,121,0.003062748373705926,30.62748373705926,
1997-08-01 00:00:00,39810,109,0.002738005526249686,27.38005526249686,
1997-09-01 00:00:00,41469,140,0.003376015819045552,33.76015819045553,
1997-10-01 00:00:00,44610,164,0.003676305761040125,36.76305761040125,
1997-11-01 00:00:00,42268,199,0.004708053373710609,47.08053373710609,
1997-12-01 00:00:00,41918,134,0.003196717400639343,31.96717400639344,
1998-01-01 00:00:00,43994,135,0.003068600263672319,30.68600263672319,
1998-02-01 00:00:00,41912,107,0.002552968123687727,25.52968123687727,
1998-03-01 00:00:00,46578,139,0.002984241487397484,29.84241487397484,
1998-04-01 00:00:00,44529,137,0.003076646679691886,30.76646679691886,
1998-05-01 00:00:00,46768,120,0.002565856996236743,25.65856996236743,
1998-06-01 00:00:00,45919,154,0.003353731570809469,33.53731570809468,
1998-07-01 00:00:00,42663,155,0.003633124721655767,36.33124721655767,
1998-08-01 00:00:00,42706,138,0.003231396056760174,32.31396056760174,
1998-09-01 00:00:00,44375,144,0.003245070422535211,32.45070422535211,
1998-10-01 00:00:00,46198,156,0.003376769557123685,33.76769557123685,
1998-11-01 00:00:00,44364,134,0.003020467045352087,30.20467045352087,
1998-12-01 00:00:00,43137,154,0.003570021095579201,35.70021095579201,
1999-01-01 00:00:00,43579,149,0.003419077996282613,34.19077996282613,
1999-02-01 00:00:00,40104,138,0.003441053261520048,34.41053261520048,
1999-03-01 00:00:00,45253,177,0.003911342894393742,39.11342894393742,
1999-04-01 00:00:00,44378,155,0.003492721618820136,34.92721618820136,
1999-05-01 00:00:00,44854,136,0.003032059571052749,30.32059571052749,
1999-06-01 00:00:00,43874,145,0.00330491863062406,33.0491863062406,
1999-07-01 00:00:00,42908,136,0.003169572107765452,31.69572107765451,
1999-08-01 00:00:00,42166,136,0.003225347436323104,32.25347436323104,
1999-09-01 00:00:00,42784,130,0.003038519072550486,30.38519072550486,
1999-10-01 00:00:00,46569,152,0.003263973888208894,32.63973888208894,
1999-11-01 00:00:00,42295,207,0.004894195531386689,48.94195531386688,
1999-12-01 00:00:00,41603,173,0.004158353964858304,41.58353964858303,
2000-01-01 00:00:00,41722,134,0.003211734816164134,32.11734816164134,
2000-02-01 00:00:00,41170,116,0.002817585620597523,28.17585620597523,
2000-03-01 00:00:00,45333,167,0.003683850616548651,36.83850616548651,
2000-04-01 00:00:00,41382,146,0.003528104006572906,35.28104006572906,
2000-05-01 00:00:00,42978,212,0.004932756293917819,49.32756293917819,
2000-06-01 00:00:00,42387,116,0.002736688135513247,27.36688135513247,
2000-07-01 00:00:00,43200,138,0.003194444444444445,31.94444444444445,
2000-08-01 00:00:00,44159,129,0.002921261803935777,29.21261803935777,
2000-09-01 00:00:00,46064,154,0.003343174713442167,33.43174713442168,
2000-10-01 00:00:00,48271,123,0.002548113774315842,25.48113774315842,
2000-11-01 00:00:00,46460,125,0.002690486439948343,26.90486439948343,
2000-12-01 00:00:00,42929,128,0.002981667404318759,29.81667404318759,
2001-01-01 00:00:00,45021,117,0.002598787232624775,25.98787232624775,
2001-02-01 00:00:00,41654,86,0.002064627646804629,20.64627646804629,
2001-03-01 00:00:00,47052,118,0.002507863640227833,25.07863640227833,
2001-04-01 00:00:00,43713,150,0.00343147347471004,34.3147347471004,
2001-05-01 00:00:00,46414,129,0.002779333821691731,27.79333821691731,
2001-06-01 00:00:00,43767,132,0.003015970937007334,30.15970937007334,
2001-07-01 00:00:00,43150,148,0.003429895712630359,34.29895712630359,
2001-08-01 00:00:00,43485,123,0.002828561572956192,28.28561572956192,
2001-09-01 00:00:00,43515,105,0.002412961047914512,24.12961047914512,
2001-10-01 00:00:00,47417,114,0.002404201024948858,24.04201024948858,
2001-11-01 00:00:00,45751,154,0.003366046643789207,33.66046643789207,
2001-12-01 00:00:00,42871,147,0.003428891325138205,34.28891325138206,
2002-01-01 00:00:00,44256,140,0.003163412870571222,31.63412870571222,
2002-02-01 00:00:00,41942,134,0.003194888178913738,31.94888178913738,
2002-03-01 00:00:00,46216,249,0.005387744504067855,53.87744504067855,
2002-04-01 00:00:00,43498,159,0.003655340475424157,36.55340475424158,
2002-05-01 00:00:00,45473,187,0.004112330393860093,41.12330393860093,
2002-06-01 00:00:00,43737,174,0.003978324987996433,39.78324987996433,
2002-07-01 00:00:00,41861,170,0.004061059219798858,40.61059219798858,
2002-08-01 00:00:00,42309,146,0.003450802429743081,34.50802429743081,
2002-09-01 00:00:00,44064,122,0.002768700072621641,27.68700072621641,
2002-10-01 00:00:00,47318,154,0.003254575425842174,32.54575425842174,
2002-11-01 00:00:00,46147,147,0.003185472511755911,31.85472511755911,
2002-12-01 00:00:00,44493,110,0.002472299013327939,24.72299013327939,
2003-01-01 00:00:00,45896,116,0.002527453372842949,25.27453372842949,
2003-02-01 00:00:00,42757,135,0.003157377739317538,31.57377739317538,
2003-03-01 00:00:00,48121,112,0.002327466179007086,23.27466179007086,
2003-04-01 00:00:00,45539,74,0.001624980785700169,16.24980785700169,
2003-05-01 00:00:00,46156,132,0.002859866539561487,28.59866539561487,
2003-06-01 00:00:00,45040,148,0.003285968028419183,32.85968028419182,
2003-07-01 00:00:00,43960,125,0.002843494085532302,28.43494085532302,
2003-08-01 00:00:00,43989,108,0.002455159244356544,24.55159244356544,
2003-09-01 00:00:00,44463,177,0.003980838000134944,39.80838000134943,
2003-10-01 00:00:00,48719,153,0.003140458547999754,31.40458547999754,
2003-11-01 00:00:00,45238,227,0.005017905300853265,50.17905300853265,
2003-12-01 00:00:00,43521,203,0.00466441488017279,46.6441488017279,
2004-01-01 00:00:00,45338,140,0.003087917420265561,30.87917420265561,
2004-02-01 00:00:00,44069,156,0.003539903333408972,35.39903333408972,
2004-03-01 00:00:00,46454,126,0.002712360614801739,27.12360614801739,
2004-04-01 00:00:00,45096,128,0.002838389214120986,28.38389214120986,
2004-05-01 00:00:00,45168,140,0.003099539496989019,30.99539496989018,
2004-06-01 00:00:00,43589,100,0.002294156782674528,22.94156782674528,
2004-07-01 00:00:00,43498,149,0.00342544484803899,34.2544484803899,
2004-08-01 00:00:00,44333,128,0.002887239753682358,28.87239753682358,
2004-09-01 00:00:00,43461,124,0.002853132693679391,28.53132693679391,
2004-10-01 00:00:00,46664,137,0.00293588205040288,29.3588205040288,
2004-11-01 00:00:00,43461,135,0.003106233174570304,31.06233174570304,
2004-12-01 00:00:00,42524,128,0.003010064904524504,30.10064904524504,
2005-01-01 00:00:00,44550,123,0.002760942760942761,27.60942760942761,
2005-02-01 00:00:00,41672,83,0.001991745056632751,19.91745056632751,
2005-03-01 00:00:00,45923,106,0.002308211571543671,23.08211571543671,
2005-04-01 00:00:00,44121,139,0.003150427234196868,31.50427234196868,
2005-05-01 00:00:00,44410,148,0.003332582751632515,33.32582751632515,
2005-06-01 00:00:00,43468,168,0.003864912119260145,38.64912119260146,
2005-07-01 00:00:00,43201,147,0.003402699011596954,34.02699011596953,
2005-08-01 00:00:00,41689,95,0.002278778574683969,22.78778574683969,
2005-09-01 00:00:00,44533,102,0.00229043630566097,22.9043630566097,
2005-10-01 00:00:00,45988,158,0.003435678872749413,34.35678872749413,
2005-11-01 00:00:00,43506,122,0.002804210913437227,28.04210913437227,
2005-12-01 00:00:00,42668,137,0.003210837161338708,32.10837161338709,
2006-01-01 00:00:00,43529,103,0.00236623859955432,23.6623859955432,
2006-02-01 00:00:00,41175,100,0.002428658166363085,24.28658166363085,
2006-03-01 00:00:00,45637,111,0.002432237000679273,24.32237000679273,
2006-04-01 00:00:00,42524,113,0.002657322923525538,26.57322923525538,
2006-05-01 00:00:00,43247,117,0.002705389969246422,27.05389969246422,
2006-06-01 00:00:00,42844,115,0.002684156474652227,26.84156474652227,
2006-07-01 00:00:00,41414,128,0.003090742261071135,30.90742261071135,
2006-08-01 00:00:00,41936,88,0.002098435711560473,20.98435711560473,
2006-09-01 00:00:00,42557,114,0.002678760250957539,26.78760250957539,
2006-10-01 00:00:00,44316,105,0.002369347414026537,23.69347414026536,
2006-11-01 00:00:00,43465,113,0.002599792936845738,25.99792936845738,
2006-12-01 00:00:00,41148,111,0.002697579469233013,26.97579469233012,
2007-01-01 00:00:00,41773,94,0.002250257343260001,22.50257343260001,
2007-02-01 00:00:00,38831,107,0.002755530375215678,27.55530375215679,
2007-03-01 00:00:00,43810,117,0.002670623145400593,26.70623145400593,
2007-04-01 00:00:00,38768,118,0.003043747420553033,30.43747420553033,
2007-05-01 00:00:00,36013,107,0.002971149307194624,29.71149307194624,
2007-06-01 00:00:00,37929,130,0.003427456563579319,34.27456563579319,
2007-07-01 00:00:00,38571,94,0.002437064115527209,24.37064115527209,
2007-08-01 00:00:00,40563,94,0.002317382836575204,23.17382836575204,
2007-09-01 00:00:00,40006,76,0.001899715042743588,18.99715042743588,
2007-10-01 00:00:00,41341,107,0.002588229602573716,25.88229602573716,
2007-11-01 00:00:00,40554,111,0.00273709128569315,27.3709128569315,
2007-12-01 00:00:00,38497,84,0.002181988206873263,21.81988206873263,
2008-01-01 00:00:00,39109,109,0.002787082257280933,27.87082257280933,
2008-02-01 00:00:00,37771,94,0.002488681792909904,24.88681792909904,
2008-03-01 00:00:00,39262,102,0.002597931842494015,25.97931842494015,
2008-04-01 00:00:00,38393,122,0.003177662594743834,31.77662594743834,
2008-05-01 00:00:00,39007,100,0.002563642423154819,25.63642423154818,
2008-06-01 00:00:00,37235,128,0.003437625889619981,34.37625889619981,
2008-07-01 00:00:00,36702,121,0.003296823061413547,32.96823061413547,
2008-08-01 00:00:00,38122,99,0.002596925659724044,25.96925659724044,
2008-09-01 00:00:00,36846,109,0.002958258698366173,29.58258698366172,
2008-10-01 00:00:00,38477,122,0.003170725368401902,31.70725368401902,
2008-11-01 00:00:00,36013,104,0.002887846055591036,28.87846055591036,
2008-12-01 00:00:00,33200,104,0.003132530120481928,31.32530120481927,
2009-01-01 00:00:00,34743,81,0.00233140488731543,23.3140488731543,
2009-02-01 00:00:00,32056,84,0.002620414275018717,26.20414275018717,
2009-03-01 00:00:00,34262,117,0.003414861946179441,34.1486194617944,
2009-04-01 00:00:00,34795,80,0.002299180916798391,22.99180916798391,
2009-05-01 00:00:00,35176,75,0.002132135546963839,21.32135546963839,
2009-06-01 00:00:00,32624,69,0.002115007356547327,21.15007356547327,
2009-07-01 00:00:00,33199,82,0.002469953914274526,24.69953914274526,
2009-08-01 00:00:00,32614,95,0.002912859508186668,29.12859508186668,
2009-09-01 00:00:00,33390,124,0.003713686732554657,37.13686732554657,
2009-10-01 00:00:00,34955,99,0.00283221284508654,28.3221284508654,
2009-11-01 00:00:00,33290,93,0.002793631721237609,27.93631721237609,
2009-12-01 00:00:00,31817,99,0.003111544143068171,31.11544143068171,
2010-01-01 00:00:00,32257,79,0.002449080819667049,24.49080819667049,
2010-02-01 00:00:00,30243,57,0.00188473365737526,18.8473365737526,
2010-03-01 00:00:00,32917,94,0.00285566728438193,28.5566728438193,
2010-04-01 00:00:00,31780,81,0.002548772813089994,25.48772813089994,
2010-05-01 00:00:00,33161,71,0.002141069328427973,21.41069328427972,
2010-06-01 00:00:00,32137,88,0.002738276752652706,27.38276752652706,
2010-07-01 00:00:00,30668,88,0.002869440459110474,28.69440459110473,
2010-08-01 00:00:00,29205,87,0.002978941961992809,29.78941961992809,
2010-09-01 00:00:00,30798,97,0.003149555165919865,31.49555165919865,
2010-10-01 00:00:00,32567,101,0.003101298860810022,31.01298860810022,
2010-11-01 00:00:00,30171,92,0.003049285737960293,30.49285737960293,
2010-12-01 00:00:00,29494,95,0.003220994100495016,32.20994100495016,
2011-01-01 00:00:00,29763,90,0.003023888720895071,30.23888720895071,
2011-02-01 00:00:00,27252,68,0.002495229707911346,24.95229707911346,
2011-03-01 00:00:00,31388,94,0.002994775073276411,29.94775073276411,
2011-04-01 00:00:00,29343,93,0.003169410080768837,31.69410080768838,
2011-05-01 00:00:00,29776,62,0.00208221386351424,20.82213863514239,
2011-06-01 00:00:00,29556,88,0.002977398836107728,29.77398836107728,
2011-07-01 00:00:00,28784,88,0.003057254030016676,30.57254030016676,
2011-08-01 00:00:00,27894,86,0.003083100308310031,30.83100308310031,
2011-09-01 00:00:00,29197,62,0.002123505839641059,21.23505839641059,
2011-10-01 00:00:00,30463,112,0.003676591274661064,36.76591274661064,
2011-11-01 00:00:00,29684,108,0.00363832367605444,36.3832367605444,
2011-12-01 00:00:00,28418,88,0.003096628897177845,30.96628897177845,
2012-01-01 00:00:00,29610,88,0.002971968929415738,29.71968929415738,
2012-02-01 00:00:00,27950,65,0.002325581395348837,23.25581395348837,
2012-03-01 00:00:00,30310,84,0.002771362586605081,27.7136258660508,
2012-04-01 00:00:00,28707,63,0.002194586686174104,21.94586686174104,
2012-05-01 00:00:00,29019,83,0.002860195044625935,28.60195044625934,
2012-06-01 00:00:00,27513,57,0.002071747900992258,20.71747900992258,
2012-07-01 00:00:00,26557,78,0.002937078736303046,29.37078736303047,
2012-08-01 00:00:00,29090,61,0.002096940529391543,20.96940529391543,
2012-09-01 00:00:00,29062,66,0.002271006813020439,22.71006813020439,
2012-10-01 00:00:00,29520,82,0.002777777777777778,27.77777777777778,
2012-11-01 00:00:00,34072,94,0.002758863583000704,27.58863583000704,
2012-12-01 00:00:00,35542,92,0.00258848686061561,25.8848686061561,
2013-01-01 00:00:00,45032,103,0.002287262391188488,22.87262391188488,
2013-02-01 00:00:00,52803,151,0.002859686002689241,28.59686002689241,
2013-03-01 00:00:00,43938,140,0.003186307979425554,31.86307979425554,
2013-04-01 00:00:00,36286,41,0.00112991236289478,11.2991236289478,
2013-05-01 00:00:00,39230,132,0.003364771858271731,33.6477185827173,
2013-06-01 00:00:00,37597,101,0.002686384551958933,26.86384551958933,
2013-07-01 00:00:00,36368,89,0.002447206335239771,24.47206335239771,
2013-08-01 00:00:00,34891,71,0.002034908715714654,20.34908715714655,
2013-09-01 00:00:00,32384,83,0.002562994071146245,25.62994071146245,
2013-10-01 00:00:00,34162,114,0.003337041156840935,33.37041156840935,
2013-11-01 00:00:00,33428,87,0.002602608591599857,26.02608591599856,
2013-12-01 00:00:00,31654,68,0.002148227712137487,21.48227712137486,
2014-01-01 00:00:00,33031,76,0.002300868880748388,23.00868880748388,
2014-02-01 00:00:00,31344,84,0.002679938744257274,26.79938744257274,
2014-03-01 00:00:00,34644,94,0.002713312550513798,27.13312550513797,
2014-04-01 00:00:00,33914,83,0.002447366869139588,24.47366869139588,
2014-05-01 00:00:00,38132,64,0.001678380362949754,16.78380362949753,
2014-06-01 00:00:00,32230,89,0.002761402420105492,27.61402420105491,
2014-07-01 00:00:00,30680,62,0.002020860495436766,20.20860495436767,
2014-08-01 00:00:00,31018,69,0.002224514797859308,22.24514797859307,
2014-09-01 00:00:00,31704,63,0.001987130961392884,19.87130961392884,
2014-10-01 00:00:00,34261,72,0.002101514841948571,21.01514841948571,
2014-11-01 00:00:00,31562,79,0.002503009948672454,25.03009948672454,
2014-12-01 00:00:00,29269,84,0.002869930643342786,28.69930643342786,
2015-01-01 00:00:00,29685,79,0.002661276739093818,26.61276739093818,
2015-02-01 00:00:00,26595,67,0.002519270539575108,25.19270539575108,
2015-03-01 00:00:00,28266,59,0.002087313380032548,20.87313380032548,
2015-04-01 00:00:00,27144,58,0.002136752136752137,21.36752136752137,
2015-05-01 00:00:00,27164,118,0.004343984685613311,43.43984685613312,
2015-06-01 00:00:00,26515,118,0.004450311144635112,44.50311144635112,
2015-07-01 00:00:00,26814,71,0.002647870515402402,26.47870515402402,
2015-08-01 00:00:00,25690,91,0.003542234332425068,35.42234332425068,
2015-09-01 00:00:00,27353,80,0.002924724893064746,29.24724893064746,
2015-10-01 00:00:00,28919,154,0.005325218714340053,53.25218714340053,
2015-11-01 00:00:00,26041,80,0.003072078645213317,30.72078645213318,
2015-12-01 00:00:00,26083,83,0.003182149292642717,31.82149292642718,
2016-01-01 00:00:00,27752,100,0.003603343903142116,36.03343903142116,
2016-02-01 00:00:00,26391,85,0.003220794967981509,32.20794967981509,
2016-03-01 00:00:00,28347,154,0.00543267365153279,54.3267365153279,
2016-04-01 00:00:00,27321,128,0.00468504081109769,46.85040811097691,
2016-05-01 00:00:00,26471,152,0.005742132900154887,57.42132900154887,
2016-06-01 00:00:00,23162,173,0.00746913047232536,74.69130472325361,
2016-07-01 00:00:00,22122,102,0.004610794684024953,46.10794684024953,
2016-08-01 00:00:00,21067,92,0.004367019509184981,43.67019509184981,
2016-09-01 00:00:00,24409,108,0.004424597484534393,44.24597484534393,
2016-10-01 00:00:00,24772,125,0.005046019699660908,50.46019699660908,
2016-11-01 00:00:00,20935,233,0.01112968712682111,111.2968712682111,
2016-12-01 00:00:00,20314,215,0.01058383380919563,105.8383380919563,
2017-01-01 00:00:00,21031,350,0.01664209975750083,166.4209975750083,
2017-02-01 00:00:00,18989,233,0.01227026173047554,122.7026173047554,
2017-03-01 00:00:00,21969,199,0.009058218398652647,90.58218398652646,
2017-04-01 00:00:00,20084,195,0.009709221270663215,97.09221270663214,
2017-05-01 00:00:00,21118,115,0.005445591438583199,54.45591438583198,
2017-06-01 00:00:00,21126,127,0.006011549749124302,60.11549749124302,
2017-07-01 00:00:00,20310,134,0.006597735105859183,65.97735105859182,
2017-08-01 00:00:00,20246,111,0.005482564457176727,54.82564457176726,
2017-09-01 00:00:00,20856,107,0.005130418105101649,51.30418105101649,
2017-10-01 00:00:00,20110,96,0.004773744405768275,47.73744405768275,
2017-11-01 00:00:00,18851,83,0.004402949445652751,44.02949445652751,
2017-12-01 00:00:00,18181,85,0.004675210384467301,46.75210384467301,
2018-01-01 00:00:00,17756,130,0.007321468799279117,73.21468799279117,
2018-02-01 00:00:00,16658,95,0.005702965542081883,57.02965542081883,
2018-03-01 00:00:00,19113,498,0.02605556427562392,260.5556427562392,
2018-04-01 00:00:00,17680,308,0.01742081447963801,174.2081447963801,
2018-05-01 00:00:00,17734,270,0.01522499154167137,152.2499154167137,
2018-06-01 00:00:00,17671,404,0.02286231679022127,228.6231679022127,
2018-07-01 00:00:00,17412,429,0.0246381805651275,246.381805651275,
2018-08-01 00:00:00,17314,391,0.0225828809056255,225.8288090562551,
2018-09-01 00:00:00,17454,262,0.01501088575684657,150.1088575684657,
2018-10-01 00:00:00,18427,286,0.01552070331578662,155.2070331578662,
2018-11-01 00:00:00,18021,261,0.01448310304644581,144.8310304644581,
2018-12-01 00:00:00,16824,277,0.01646457441749881,164.6457441749881,
2019-01-01 00:00:00,17571,249,0.01417107734334984,141.7107734334984,
2019-02-01 00:00:00,16082,205,0.01274717074990673,127.4717074990673,
2019-03-01 00:00:00,21467,202,0.009409791773419668,94.09791773419668,
2019-04-01 00:00:00,20733,189,0.009115902184922588,91.15902184922588,
2019-05-01 00:00:00,21339,405,0.01897933361450865,189.7933361450865,
2019-06-01 00:00:00,20338,541,0.02660045235519717,266.0045235519717,
2019-07-01 00:00:00,19364,281,0.01451146457343524,145.1146457343524,
2019-08-01 00:00:00,19786,503,0.02542201556656222,254.2201556656221,
2019-09-01 00:00:00,20083,275,0.01369317333067769,136.9317333067769,
2019-10-01 00:00:00,20608,287,0.01392663043478261,139.2663043478261,
2019-11-01 00:00:00,19193,230,0.01198353566404418,119.8353566404418,
2019-12-01 00:00:00,18590,272,0.01463152232383002,146.3152232383001,
2020-01-01 00:00:00,19408,271,0.01396331409727947,139.6403359612511,
2020-02-01 00:00:00,18488,177,0.00957377758546084,95.7377758546084,
2020-03-01 00:00:00,19107,117,0.006123410268487989,61.23410268487989,
2020-04-01 00:00:00,17304,96,0.005547850208044383,55.47850208044382,
2020-05-01 00:00:00,17739,118,0.00665,66.5,
2020-06-01 00:00:00,16708,100,0.00599,59.9,
2020-07-01 00:00:00,18111,104,0.00574,57.4,
2020-08-01 00:00:00,18895,127,0.00672,67.2,
2020-09-01 00:00:00,18290,124,0.00678,67.8,
2020-10-01 00:00:00,19075,134,0.007024901703800786,70.24901703800785,
2020-11-01 00:00:00,17892,125,0.006987534238917771,69.8753423891777,
2020-12-01 00:00:00,17757,174,0.009801160367261872,98.01160367261872,
2021-01-01 00:00:00,18292,138,0.00754428165318171,75.4428165318171,
2021-02-01 00:00:00,17094,63,0.00368550368550368,36.8550368550368,
2021-03-01 00:00:00,18580,87,0.00468245425188374,46.8245425188374,
2021-04-01 00:00:00,17518,84,0.00479506793012901,47.9506793012901,
2021-05-01 00:00:00,18068,89,0.00492583573168031,49.2583573168031,
2021-06-01 00:00:00,17427,86,0.00493487117690939,49.3487117690939,
2021-07-01 00:00:00,17826,102,0.00572197913160552,57.2197913160552,
2021-08-01 00:00:00,17486,69,0.00394601395402035,39.4601395402035,
2021-09-01 00:00:00,16685,86,0.00515433023673958,51.5433023673958,
2021-10-01 00:00:00,16232,91,0.00560620995564317,56.0620995564317,
2021-11-01 00:00:00,15467,75,0.00484903342600375,48.4903342600375,
2021-12-01 00:00:00,15357,57,0.00371166243406915,37.1166243406915,
2022-01-01 00:00:00,15234,71,0.00466062754365235,46.6062754365235,
2022-02-01 00:00:00,14916,81,0.00543041029766693,54.3041029766693,
2022-03-01 00:00:00,16223,87,0.00536275658016396,53.6275658016396,
2022-04-01 00:00:00,15294,63,0.00411926245586504,41.1926245586504,
2022-05-01 00:00:00,16117,102,0.00632872122603462,63.2872122603462,
2022-06-01 00:00:00,15434,115,0.00745108202669431,74.5108202669431,
2022-07-01 00:00:00,15514,104,0.00670362253448498,67.0362253448498,
2022-08-01 00:00:00,15488,102,0.00658574380165289,65.8574380165289,
2022-09-01 00:00:00,15462,75,0.00485060147458284,48.5060147458284,
2022-10-01 00:00:00,15896,74,0.00465525918470055,46.5525918470055,
2022-11-01 00:00:00,15820,78,0.00493046776232616,49.3046776232616,
2022-12-01 00:00:00,14558,71,0.00487704354993817,48.7704354993817,
2023-01-01 00:00:00,13842,73,0.00527380436353128,52.7380436353128,
2023-02-01 00:00:00,12820,56,0.00436817472698908,43.6817472698908,
2023-03-01 00:00:00,14364,94,0.00654413812308549,65.4413812308549,
2023-04-01 00:00:00,13572,46,0.00338933097553787,33.8933097553787,
2023-05-01 00:00:00,14416,86,0.00596559378468368,59.6559378468368,
2023-06-01 00:00:00,14332,75,0.0052330449344125,52.330449344125,
2023-07-01 00:00:00,14377,91,0.00632955414898796,63.2955414898796,
2023-08-01 00:00:00,14675,88,0.00599659284497444,59.9659284497444,
2023-09-01 00:00:00,14150,90,0.00636042402826855,63.6042402826855,
2023-10-01 00:00:00,14845,66,0.00444594139440889,44.4594139440889,
2023-11-01 00:00:00,13920,57,0.00409482758620689,40.9482758620689,
2023-12-01 00:00:00,13781,90,0.00653073071620346,65.3073071620346,
2024-01-01 00:00:00,13936,97,0.00696039035591274,69.6039035591274,
2024-02-01 00:00:00,13104,82,0.00625763125763125,62.5763125763125,
2024-03-01 00:00:00,14357,118,0.00821898725360451,82.1898725360451,
2024-04-01 00:00:00,13960,127,0.00909742120343839,90.9742120343839,
2024-05-01 00:00:00,14395,136,0.00944772490448072,94.4772490448072,
2024-06-01 00:00:00,13587,121,0.00890557150217119,89.0557150217119,
2024-07-01 00:00:00,13614,138,0.010136624063464,101.36624063464,
2024-08-01 00:00:00,13552,133,0.00981404958677686,98.1404958677685,
2024-09-01 00:00:00,13837,178,0.0128640601286406,128.640601286406,
2024-10-01 00:00:00,14061,208,0.0147926889979375,147.926889979375,
2024-11-01 00:00:00,13849,517,0.0373312152501985,373.312152501985,
2024-12-01 00:00:00,12799,317,0.0247675599656223,247.675599656223,
2025-01-01 00:00:00,13910,502,0.0360891445003594,360.891445003594,
2025-02-01 00:00:00,12389,582,0.0469771571555412,469.771571555412,
2025-03-01 00:00:00,14426,870,0.0603077776237349,603.077776237349,
2025-04-01 00:00:00,14053,1618,0.115135558243791,1151.35558243791,
2025-05-01 00:00:00,15018,1086,0.0723132241310427,723.132241310427,
2025-06-01 00:00:00,14370,679,0.0472512178148921,472.512178148921,
2025-07-01 00:00:00,14130,784,0.0555,554.85,
2025-08-01 00:00:00,11913,686,0.0576,575.84,
2025-09-01 00:00:00,11949,556,0.0465310904678215,465.310904678215,
2025-10-01 00:00:00,12482,532,0.0426213747796827,426.213747796827,
2025-11-01 00:00:00,14207,487,0.0342788766101217,342.788766101217,
2025-12-01 00:00:00,13851,427,0.0308280990542199,308.280990542199,
2026-01-01 00:00:00,14315,588,0.0410757946210268,410.757946210268,
2026-02-01 00:00:00,13074,502,0.0383968181122839,383.968181122839,
2026-03-01 00:00:00,15163,408,0.026907604,269.0760404,
2026-04-01 00:00:00,14446,285,0.0197286446075038,197.286446075038,
2026-05-01 00:00:00,14248,285,0.0200028074115665,200.028074115665,
2026-06-01 00:00:00,13826,259,0.0187328222190076,187.328222190076,
2026-07-01 00:00:00,14058,274,0.01949068146251245,194.9068146251245,
