report_date,lev_long,lev_short
2017-01-03,98112,65104
2017-01-10,89501,66707
2017-01-17,93345,66379
2017-01-24,92748,62749
2017-01-31,101645,66475
2017-02-07,93449,73569
2017-02-14,92128,74777
2017-02-21,97544,78518
2017-02-28,106013,79628
2017-03-07,98974,80823
2017-03-14,92449,89066
2017-03-21,93849,76179
2017-03-28,99805,75754
2017-04-04,105511,72156
2017-04-11,109079,71668
2017-04-18,119978,69046
2017-04-25,135684,74826
2017-05-02,125468,75850
2017-05-09,121642,71766
2017-05-16,114117,80055
2017-05-23,113891,81120
2017-05-30,122517,81995
2017-06-06,138828,86888
2017-06-13,138125,94798
2017-06-20,120713,76102
2017-06-27,124445,85312
2017-07-03,116522,90304
2017-07-11,105054,84505
2017-07-18,116343,85632
2017-07-25,125418,80400
2017-08-01,122180,88272
2017-08-08,119882,91334
2017-08-15,120990,95926
2017-08-22,98786,97366
2017-08-29,95658,102011
2017-09-05,88428,94263
2017-09-12,91065,89742
2017-09-19,85575,63964
2017-09-26,80790,73618
2017-10-03,80419,77417
2017-10-10,88538,76768
2017-10-17,87623,71317
2017-10-24,91957,72781
2017-10-31,89222,63226
2017-11-07,88170,60409
2017-11-14,95589,73785
2017-11-21,86668,63891
2017-11-28,88029,70402
2017-12-05,92868,87408
2017-12-12,81098,77383
2017-12-19,79423,102134
2017-12-26,82771,117039
2018-01-02,88400,106241
2018-01-09,75578,86872
2018-01-16,78975,83656
2018-01-23,61093,71998
2018-01-30,64624,64713
2018-02-06,73991,65550
2018-02-13,51384,78757
2018-02-20,41359,76980
2018-02-27,34295,55210
2018-03-06,48533,53149
2018-03-13,56631,55086
2018-03-20,54627,57853
2018-03-27,53230,66495
2018-04-03,58232,87844
2018-04-10,55595,83276
2018-04-17,53999,66881
2018-04-24,48245,89949
2018-05-01,45961,69821
2018-05-08,45701,67414
2018-05-15,51324,76086
2018-05-22,43506,83887
2018-05-29,46913,73505
2018-06-05,59203,64506
2018-06-12,53059,67136
2018-06-19,50108,69714
2018-06-26,51408,82817
2018-07-03,63902,84308
2018-07-10,64143,87137
2018-07-17,70196,79279
2018-07-24,59717,65312
2018-07-31,61198,66227
2018-08-07,53948,64889
2018-08-14,52681,59704
2018-08-21,52761,60297
2018-08-28,58996,58209
2018-09-04,55019,68801
2018-09-11,43533,67356
2018-09-18,34810,63453
2018-09-25,37814,58287
2018-10-02,48740,55125
2018-10-09,35757,60482
2018-10-16,48061,53886
2018-10-23,60037,64492
2018-10-30,53257,50136
2018-11-06,38852,51035
2018-11-13,38078,54982
2018-11-20,38966,39084
2018-11-27,48280,39042
2018-12-04,32653,47879
2018-12-11,47279,53809
2018-12-18,57295,51075
2018-12-24,67201,44699
2018-12-31,41791,44498
2019-01-08,28983,42487
2019-01-15,25174,46642
2019-01-22,28338,47824
2019-01-29,44037,50064
2019-02-05,33513,55560
2019-02-12,29682,41383
2019-02-19,28472,42110
2019-02-26,29696,42658
2019-03-05,27312,44877
2019-03-12,29119,53956
2019-03-19,23740,46809
2019-03-26,29788,47243
2019-04-02,24633,50789
2019-04-09,24834,50293
2019-04-16,27273,54231
2019-04-23,40804,54569
2019-04-30,43531,55959
2019-05-07,40976,54731
2019-05-14,39940,74969
2019-05-21,40287,71490
2019-05-28,39355,72971
2019-06-04,40475,73773
2019-06-11,34035,65634
2019-06-18,26959,54698
2019-06-25,48255,58462
2019-07-02,45989,52840
2019-07-09,48007,51622
2019-07-16,53307,60993
2019-07-23,53319,65471
2019-07-30,50046,67067
2019-08-06,26705,50880
2019-08-13,22846,49999
2019-08-20,18276,54442
2019-08-27,18772,53163
2019-09-03,20342,51317
2019-09-10,34958,54054
2019-09-17,42693,55044
2019-09-24,44709,57441
2019-10-01,43323,52309
2019-10-08,43561,51492
2019-10-15,52295,56128
2019-10-22,48148,59556
2019-10-29,58765,60293
2019-11-05,53310,65047
2019-11-12,54419,67284
2019-11-19,51824,71753
2019-11-26,41497,71777
2019-12-03,34927,61838
2019-12-10,37545,64521
2019-12-17,56441,72755
2019-12-24,53046,57349
2019-12-31,58921,58007
2020-01-07,54684,51020
2020-01-14,60052,64650
2020-01-21,60317,62364
2020-01-28,50139,54112
2020-02-04,41865,53258
2020-02-11,47331,57433
2020-02-18,54482,61529
2020-02-25,47624,45397
2020-03-03,49190,59888
2020-03-10,50039,62556
2020-03-17,62183,46442
2020-03-24,49024,40809
2020-03-31,38738,45848
2020-04-07,41939,48728
2020-04-14,35034,54070
2020-04-21,36890,54841
2020-04-28,34107,51789
2020-05-05,34810,48055
2020-05-12,36804,56060
2020-05-19,39266,65905
2020-05-26,40874,73602
2020-06-02,41064,70259
2020-06-09,37615,76797
2020-06-16,35954,75909
2020-06-23,41059,55853
2020-06-30,46851,58670
2020-07-07,55721,75973
2020-07-14,65539,88883
2020-07-21,52543,91702
2020-07-28,52329,92785
2020-08-04,55360,96723
2020-08-11,48712,98928
2020-08-18,40061,98485
2020-08-25,43198,100936
2020-09-01,50115,102256
2020-09-08,54746,78121
2020-09-15,64098,71579
2020-09-22,64101,45919
2020-09-29,53195,56842
2020-10-06,46904,54587
2020-10-13,45772,71387
2020-10-20,44716,73052
2020-10-27,48087,80881
2020-11-03,51007,84637
2020-11-10,59611,79611
2020-11-17,52350,84014
2020-11-24,47005,93286
2020-12-01,45701,93536
2020-12-08,45533,104704
2020-12-15,42220,107724
2020-12-21,41623,85836
2020-12-29,41964,98604
2021-01-05,45851,102932
2021-01-12,46853,117449
2021-01-19,50825,113677
2021-01-26,52949,107694
2021-02-02,48966,103787
2021-02-09,48331,102355
2021-02-16,49983,102293
2021-02-23,51726,103574
2021-03-02,48155,97593
2021-03-09,57779,90891
2021-03-16,49093,87970
2021-03-23,46733,84779
2021-03-30,45922,84645
2021-04-06,52895,81002
2021-04-13,55631,76007
2021-04-20,61494,71773
2021-04-27,53393,73358
2021-05-04,60277,89168
2021-05-11,50991,79685
2021-05-18,55393,74812
2021-05-25,53862,79533
2021-06-01,57404,79277
2021-06-08,52023,80936
2021-06-15,66679,86892
2021-06-22,62490,70153
2021-06-29,56697,72641
2021-07-06,49407,72149
2021-07-13,48594,77571
2021-07-20,61207,77431
2021-07-27,53698,81676
2021-08-03,38446,75229
2021-08-10,30037,77931
2021-08-17,29395,80419
2021-08-24,38426,71282
2021-08-31,41144,73419
2021-09-07,45146,74565
2021-09-14,48653,77642
2021-09-21,41480,55741
2021-09-28,36382,62174
2021-10-05,35557,57509
2021-10-12,41517,55648
2021-10-19,47404,57630
2021-10-26,58026,63888
2021-11-02,60882,63786
2021-11-09,61363,70161
2021-11-16,56569,75565
2021-11-23,53188,60562
2021-11-30,51046,58319
2021-12-07,50141,54417
2021-12-14,52818,52587
2021-12-21,36515,43320
2021-12-28,32778,48881
2022-01-04,35097,45095
2022-01-11,45935,48243
2022-01-18,51366,53453
2022-01-25,61464,47679
2022-02-01,43780,52157
2022-02-08,53194,49853
2022-02-15,58365,53352
2022-02-22,56665,57857
2022-03-01,54527,45619
2022-03-08,61795,46107
2022-03-15,53805,50902
2022-03-22,31043,70492
2022-03-29,31433,86160
2022-04-05,37633,92938
2022-04-12,47142,75179
2022-04-19,47473,72012
2022-04-26,48537,59896
2022-05-03,49744,54819
2022-05-10,61804,52194
2022-05-17,55014,52989
2022-05-24,51886,66349
2022-05-31,48239,80106
2022-06-07,51532,86922
2022-06-14,61567,81001
2022-06-21,52559,66582
2022-06-28,56558,75548
2022-07-05,57344,73263
2022-07-12,53362,82432
2022-07-19,54560,80168
2022-07-26,51502,88292
2022-08-02,52728,89224
2022-08-09,45081,99398
2022-08-16,44206,104853
2022-08-23,50101,90339
2022-08-30,50675,88760
2022-09-06,61842,96694
2022-09-13,53012,101049
2022-09-20,46345,87205
2022-09-27,51285,83312
2022-10-04,50625,70637
2022-10-11,57979,77822
2022-10-18,58125,71437
2022-10-25,59536,92800
2022-11-01,59164,91130
2022-11-08,55002,89105
2022-11-15,50543,88483
2022-11-22,48654,76002
2022-11-29,47659,78138
2022-12-06,45490,77637
2022-12-13,44423,75194
2022-12-20,54712,62794
2022-12-27,55492,70797
2023-01-03,58604,60419
2023-01-10,58130,70408
2023-01-17,62729,80707
2023-01-24,58034,87343
2023-01-31,61614,89943
2023-02-07,67375,106342
2023-02-14,58982,104828
2023-02-21,58301,93137
2023-02-28,58658,89854
2023-03-07,59788,87644
2023-03-14,65156,71184
2023-03-21,43411,73840
2023-03-28,41075,81969
2023-04-04,46145,90486
2023-04-11,48720,84931
2023-04-18,54568,86193
2023-04-25,51598,87590
2023-05-02,49879,84684
2023-05-09,56710,87392
2023-05-16,63768,95174
2023-05-23,64099,101252
2023-05-30,70871,115887
2023-06-06,74167,117233
2023-06-13,59597,103639
2023-06-20,53997,71384
2023-06-27,51929,77563
2023-07-03,46809,80314
2023-07-11,48690,85525
2023-07-18,52174,84284
2023-07-25,44967,85132
2023-08-01,44192,98062
2023-08-08,44518,101156
2023-08-15,45788,81138
2023-08-22,46240,74750
2023-08-29,50504,77544
2023-09-05,55291,82511
2023-09-12,48275,77439
2023-09-19,45970,65430
2023-09-26,41194,69386
2023-10-03,45271,65202
2023-10-10,42670,60851
2023-10-17,45427,59306
2023-10-24,47805,61689
2023-10-31,50596,59168
2023-11-07,61816,51674
2023-11-14,46141,51049
2023-11-21,43581,52647
2023-11-28,46913,49046
2023-12-05,46370,72326
2023-12-12,54937,95751
2023-12-19,44763,89538
2023-12-26,48289,92731
2024-01-02,46998,81924
2024-01-09,51636,87809
2024-01-16,55243,89270
2024-01-23,57307,93684
2024-01-30,60992,87647
2024-02-06,56079,89201
2024-02-13,61123,98093
2024-02-20,58626,93252
2024-02-27,58410,106124
2024-03-05,53263,109546
2024-03-12,57635,122592
2024-03-19,54889,91538
2024-03-26,53764,100006
2024-04-02,53391,96408
2024-04-09,50437,92245
2024-04-16,47751,96158
2024-04-23,48332,92589
2024-04-30,45119,96418
2024-05-07,42643,90577
2024-05-14,43840,98807
2024-05-21,42742,82648
2024-05-28,40340,85768
2024-06-04,35214,72013
2024-06-11,36718,83929
2024-06-18,42251,99864
2024-06-25,41822,82230
2024-07-02,45611,89413
2024-07-09,41381,89388
2024-07-16,39874,82573
2024-07-23,39105,71478
2024-07-30,38411,69285
2024-08-06,35061,69129
2024-08-13,27952,73278
2024-08-20,27735,83485
2024-08-27,27872,75488
2024-09-03,26818,74640
2024-09-10,34157,69636
2024-09-17,24118,78630
2024-09-24,26508,72809
2024-10-01,23798,74932
2024-10-08,31188,85147
2024-10-15,28919,83858
2024-10-22,30615,78317
2024-10-29,41465,83795
2024-11-05,36844,75555
2024-11-12,39192,87654
2024-11-19,36369,75604
2024-11-26,37393,82327
2024-12-03,45128,95752
2024-12-10,45619,92847
2024-12-17,46081,100499
2024-12-24,35424,79764
2024-12-31,40614,72668
2025-01-07,37329,76409
2025-01-14,44226,81635
2025-01-21,40151,80303
2025-01-28,44031,93956
2025-02-04,42084,90836
2025-02-11,39736,92040
2025-02-18,40127,108348
2025-02-25,56135,84006
2025-03-04,66893,78548
2025-03-11,79012,74346
2025-03-18,67212,66155
2025-03-25,30225,66115
2025-04-01,48832,79374
2025-04-08,67920,62300
2025-04-15,50242,63635
2025-04-22,55399,55727
2025-04-29,51301,77657
2025-05-06,58695,95365
2025-05-13,63527,117514
2025-05-20,59596,112289
2025-05-27,59208,106976
2025-06-03,55854,106034
2025-06-10,57702,98617
2025-06-17,55516,100288
2025-06-24,48555,80565
2025-07-01,58273,73957
2025-07-08,58579,69668
2025-07-15,54088,74562
2025-07-22,49469,73398
2025-07-29,61680,83165
2025-08-05,58687,73312
2025-08-12,70831,87121
2025-08-19,56969,75708
2025-08-26,61174,78075
2025-09-02,64181,82811
2025-09-09,70821,95846
2025-09-16,75090,99094
2025-09-23,50088,76172
2025-09-30,61911,63535
2025-10-07,59939,67153
2025-10-14,53450,58547
2025-10-21,61437,59393
2025-10-28,68182,57008
2025-11-04,62702,53572
2025-11-10,74313,56694
2025-11-18,73714,63331
2025-11-25,76011,66340
2025-12-02,78215,81255
2025-12-09,76097,97403
2025-12-16,83876,90850
2025-12-23,60357,75499
2025-12-30,59039,84713
2026-01-06,60236,78687
2026-01-13,58656,81404
2026-01-20,54022,81034
2026-01-27,54689,71527
2026-02-03,58197,69577
2026-02-10,56269,64870
2026-02-17,63852,73168
2026-02-24,56133,72687
2026-03-03,55905,77694
2026-03-10,53057,78224
2026-03-17,51381,82843
2026-03-24,47003,86382
2026-03-31,47382,84485
2026-04-07,47521,86349
2026-04-14,44471,94138
2026-04-21,43848,82848
2026-04-28,45417,81367
2026-05-05,51944,88044
2026-05-12,47277,99319
2026-05-19,55696,101067
2026-05-26,52861,104540
2026-06-02,57156,110806
2026-06-09,68287,102593
2026-06-16,66996,95150
2026-06-23,42052,93114
2026-06-30,36796,105413
2026-07-07,49681,104694
2026-07-14,47577,111740
2026-07-21,46344,121034
