report_date,dealer_long,dealer_short,am_long,am_short
2016-08-09,18419,146860,85135,26841
2016-08-16,18078,144210,87137,26883
2016-08-23,19146,150171,86028,27077
2016-08-30,20946,149729,89056,26908
2016-09-06,22099,153316,88498,27040
2016-09-13,32244,115851,65941,26813
2016-09-20,23972,133134,80986,26913
2016-09-27,22205,151872,80836,26812
2016-10-04,21422,149660,81349,28993
2016-10-11,20785,150027,69777,29920
2016-10-18,21354,156905,85697,28576
2016-10-25,16807,173081,85647,28763
2016-11-01,15121,175631,71699,29732
2016-11-08,13868,157473,65442,32282
2016-11-15,32135,93757,61164,32238
2016-11-22,28811,98714,64142,30882
2016-11-29,36548,102262,65183,30282
2016-12-06,59998,85922,53233,35219
2016-12-13,45584,94260,42607,30989
2016-12-20,13037,90738,65306,25109
2016-12-27,14720,99297,61460,24362
2017-01-03,21615,93188,61153,27166
2017-01-10,22653,83651,63184,26774
2017-01-17,22208,87178,63936,26896
2017-01-24,26594,83614,58785,28124
2017-01-31,26274,97519,64615,27644
2017-02-07,30452,82826,60498,25805
2017-02-14,30119,76028,59236,25527
2017-02-21,32046,66580,55524,25608
2017-02-28,31592,68917,48140,26626
2017-03-07,31762,50465,39969,28964
2017-03-14,36636,44850,42813,31569
2017-03-21,12593,75734,74356,27678
2017-03-28,12945,82534,77676,23589
2017-04-04,13112,84839,70449,27192
2017-04-11,18437,96051,71898,26623
2017-04-18,18823,103342,67303,28412
2017-04-25,17218,114112,71824,25277
2017-05-02,20339,106876,72766,26190
2017-05-09,23588,110521,73687,25152
2017-05-16,29927,97769,71672,24797
2017-05-23,34808,99531,64572,23749
2017-05-30,30733,103405,65056,23815
2017-06-06,27349,124511,76601,30384
2017-06-13,27921,113752,65493,30545
2017-06-20,6848,113503,91270,32348
2017-06-27,15194,97146,82864,35429
2017-07-03,36742,94105,75628,39305
2017-07-11,45344,84945,72486,40107
2017-07-18,35716,83288,73798,40864
2017-07-25,40575,93249,66449,42521
2017-08-01,46047,91155,63364,39471
2017-08-08,54914,87037,62604,40532
2017-08-15,59680,78285,60561,41905
2017-08-22,72066,69157,56667,45602
2017-08-29,83178,62375,52341,46107
2017-09-05,78342,64221,52086,42308
2017-09-12,87126,71479,52176,53334
2017-09-19,47396,76043,75022,54559
2017-09-26,58323,68677,69877,56854
2017-10-03,64395,69721,67964,53116
2017-10-10,65454,75513,68391,55545
2017-10-17,62722,71545,68536,57475
2017-10-24,57235,74389,63043,52212
2017-10-31,47588,75294,64747,50431
2017-11-07,51376,76477,61575,49432
2017-11-14,55416,70851,60467,47961
2017-11-21,59771,80552,71081,55849
2017-11-28,64965,74758,71439,58335
2017-12-05,60722,68859,74458,62377
2017-12-12,68844,66763,67670,63181
2017-12-19,39508,52148,102865,60065
2017-12-26,53870,49757,90751,60561
2018-01-02,49341,50827,78236,55400
2018-01-09,44358,50041,80279,55994
2018-01-16,52843,64646,79145,56480
2018-01-23,58822,63947,74155,57012
2018-01-30,56196,67373,69443,57742
2018-02-06,51892,67854,55736,51215
2018-02-13,74618,24251,41840,67104
2018-02-20,84183,26390,43205,60721
2018-02-27,78051,38604,51754,67099
2018-03-06,74022,43123,43296,70773
2018-03-13,69616,52740,47061,69072
2018-03-20,45900,61121,75829,54240
2018-03-27,59880,51025,61161,51205
2018-04-03,72354,37532,58682,61654
2018-04-10,71780,37965,53475,62107
2018-04-17,75801,42759,46991,61633
2018-04-24,87655,27971,42855,59545
2018-05-01,84165,34213,44984,59039
2018-05-08,82520,45709,46816,56642
2018-05-15,86625,37452,51529,60757
2018-05-22,88552,38360,50019,62080
2018-05-29,85507,51761,50845,61525
2018-06-05,71115,62885,54820,59427
2018-06-12,73026,48925,49581,60399
2018-06-19,43578,52728,80217,49472
2018-06-26,48085,51434,80003,47902
2018-07-03,47581,53033,74573,53153
2018-07-10,45234,58807,77333,47408
2018-07-17,43939,69998,76602,48297
2018-07-24,48297,69026,74166,49388
2018-07-31,57424,69341,66506,49738
2018-08-07,66362,72344,69515,50045
2018-08-14,67944,71939,64704,48352
2018-08-21,67421,69458,63945,51506
2018-08-28,68954,74474,64359,53018
2018-09-04,69265,76251,86901,54903
2018-09-11,82018,68507,82302,70872
2018-09-18,82706,64001,80690,68652
2018-09-25,49326,83483,106515,51210
2018-10-02,43768,82192,104115,53679
2018-10-09,67198,67667,87516,61358
2018-10-16,79566,66069,67842,62913
2018-10-23,77081,60772,58846,60660
2018-10-30,84505,50629,52690,74834
2018-11-06,94359,38879,53859,83979
2018-11-13,95410,38890,54854,82232
2018-11-20,85192,50702,58061,85018
2018-11-27,81022,55812,53134,82319
2018-12-04,95772,44966,53629,84164
2018-12-11,93234,54963,53306,84304
2018-12-18,70140,53609,51106,75043
2018-12-24,37339,44686,49602,71257
2018-12-31,70539,36771,48361,69474
2019-01-08,91052,37060,46753,63630
2019-01-15,98242,39303,46718,60657
2019-01-22,91858,49405,49378,58475
2019-01-29,83944,54020,50229,56771
2019-02-05,83376,49922,55310,48552
2019-02-12,86048,51586,56376,64939
2019-02-19,89196,53849,59475,66327
2019-02-26,87825,54192,63077,68573
2019-03-05,94796,54476,62304,67007
2019-03-12,103710,46228,55381,69353
2019-03-19,66853,36852,64879,63480
2019-03-26,50216,46072,68311,48155
2019-04-02,55124,48433,70463,45443
2019-04-09,53701,52610,73866,43244
2019-04-16,55927,45170,72785,48587
2019-04-23,53925,49248,72989,55136
2019-04-30,53250,54133,73446,54023
2019-05-07,51656,44323,69888,53182
2019-05-14,58605,37505,67469,37823
2019-05-21,53735,47020,73184,35339
2019-05-28,54355,45479,78989,44411
2019-06-04,58465,40486,76661,47976
2019-06-11,55495,45380,82879,50336
2019-06-18,51758,52988,81600,47385
2019-06-25,29884,62435,87721,39005
2019-07-02,31643,57954,83613,37790
2019-07-09,32332,57066,80516,37290
2019-07-16,27334,59741,87650,35177
2019-07-23,37014,59482,86268,37677
2019-07-30,38729,57892,90548,38749
2019-08-06,34820,47677,94787,36471
2019-08-13,38145,42729,86488,35282
2019-08-20,44433,36135,82499,36237
2019-08-27,49229,37052,83530,40538
2019-09-03,46398,41514,83656,41465
2019-09-10,38960,46155,80006,42565
2019-09-17,35957,49915,88296,45886
2019-09-24,32505,42600,81901,44446
2019-10-01,33370,45749,85067,45150
2019-10-08,38557,39878,76449,47973
2019-10-15,34989,43102,83968,46401
2019-10-22,36680,50309,87165,44159
2019-10-29,33228,58286,91178,45389
2019-11-05,34640,55666,91500,38568
2019-11-12,33710,55271,95303,40313
2019-11-19,32184,49591,97249,38582
2019-11-26,33409,43399,98307,38167
2019-12-03,41118,38006,81196,39022
2019-12-10,45833,34706,71316,37986
2019-12-17,42973,37142,65714,42245
2019-12-24,21883,49985,83795,41957
2019-12-31,21743,57643,81146,40447
2020-01-07,21830,47504,77914,44759
2020-01-14,21929,50801,77012,37277
2020-01-21,26081,46324,77499,44071
2020-01-28,24103,47055,77879,40610
2020-02-04,34460,42286,74245,41805
2020-02-11,33813,41890,72888,49763
2020-02-18,28761,46569,70924,41607
2020-02-25,23960,67641,72148,33201
2020-03-03,25980,51877,77560,38893
2020-03-10,32054,40114,72923,54699
2020-03-17,36586,45725,59441,65875
2020-03-24,33447,65000,63431,39534
2020-03-31,35916,40543,60210,38825
2020-04-07,33060,30868,61496,39491
2020-04-14,32055,26596,65814,33990
2020-04-21,32342,28406,62232,37220
2020-04-28,33842,35009,63428,37129
2020-05-05,34688,47540,64453,31762
2020-05-12,36072,51464,69920,28919
2020-05-19,40272,40640,63880,30927
2020-05-26,39703,42314,72655,31262
2020-06-02,42270,43458,73607,32781
2020-06-09,49463,37182,72443,32855
2020-06-16,37436,45690,78374,24347
2020-06-23,13762,49004,79756,24875
2020-06-30,14381,55058,82938,24355
2020-07-07,22681,57186,82135,21790
2020-07-14,34911,47287,68793,28190
2020-07-21,49651,43445,65920,28945
2020-07-28,47419,44012,66979,28371
2020-08-04,50202,38963,67607,29412
2020-08-11,59328,40945,65736,32071
2020-08-18,42824,45096,85562,27117
2020-08-25,41479,43170,83345,28924
2020-09-01,44103,43638,82174,32209
2020-09-08,45203,40742,69136,36955
2020-09-15,79019,23801,73777,32472
2020-09-22,124962,9942,74906,32999
2020-09-29,81205,15633,70680,34360
2020-10-06,92137,19013,67902,36229
2020-10-13,41440,50961,67015,37152
2020-10-20,50495,45149,55115,37541
2020-10-27,59810,44747,54224,35507
2020-11-03,52949,39151,51595,34802
2020-11-10,57015,40712,54872,39444
2020-11-17,63201,39056,60621,34727
2020-11-24,70766,37725,63376,33726
2020-12-01,69501,39259,66517,33075
2020-12-08,59802,46008,70670,29554
2020-12-15,58768,39431,67886,31866
2020-12-21,40391,49496,76432,24490
2020-12-29,42414,43225,79630,21236
2021-01-05,43197,39997,79503,21924
2021-01-12,53308,31491,77760,24308
2021-01-19,51534,35461,79996,22686
2021-01-26,45994,39134,77792,21848
2021-02-02,44780,42666,81903,26752
2021-02-09,46910,44902,80589,25848
2021-02-16,51430,41539,72793,26006
2021-02-23,69657,34252,57138,34541
2021-03-02,86577,26127,49907,41642
2021-03-09,86221,24463,50384,54451
2021-03-16,74758,21724,53611,50700
2021-03-23,67838,23243,57748,46919
2021-03-30,71601,22754,55218,45524
2021-04-06,48222,25810,61618,42177
2021-04-13,47714,31671,58575,39171
2021-04-20,47764,44018,53222,34451
2021-04-27,60435,41638,51077,33544
2021-05-04,69189,36843,50764,37600
2021-05-11,70088,31612,50144,38936
2021-05-18,67060,30664,46795,48892
2021-05-25,73101,30379,49158,49321
2021-06-01,74907,32215,49133,51183
2021-06-08,73795,31613,55367,50964
2021-06-15,71602,34728,58831,54377
2021-06-22,52124,32900,55144,50879
2021-06-29,57434,35749,56771,45341
2021-07-06,64925,37402,61516,44342
2021-07-13,70099,37883,63194,43877
2021-07-20,55800,42385,62028,49096
2021-07-27,63603,40249,62298,46279
2021-08-03,64660,38642,63955,41591
2021-08-10,82364,35687,62488,49027
2021-08-17,85234,35513,65104,47574
2021-08-24,69889,41105,65066,43356
2021-08-31,69434,41290,64860,44172
2021-09-07,65092,43138,63395,43051
2021-09-14,59833,50404,71450,42837
2021-09-21,52309,61941,74690,44851
2021-09-28,64075,52060,69453,44818
2021-10-05,65638,50749,64135,48994
2021-10-12,66051,59154,64642,51068
2021-10-19,68092,66853,67435,42274
2021-10-26,64937,78396,66439,39731
2021-11-02,71280,85433,71353,39405
2021-11-09,70435,91500,78737,36992
2021-11-16,74300,89951,77003,36285
2021-11-23,67252,87062,75604,38980
2021-11-30,67945,86472,81474,42263
2021-12-07,63899,87713,73962,40157
2021-12-14,54921,84213,67698,39968
2021-12-21,45341,66064,71272,43901
2021-12-28,52497,69779,74926,37671
2022-01-04,44292,76702,74755,33669
2022-01-11,40419,57348,72744,47083
2022-01-18,41049,63221,74249,49458
2022-01-25,41923,72075,73024,55176
2022-02-01,69195,44207,66491,60357
2022-02-08,62585,46120,63801,63306
2022-02-15,61278,41769,63363,60616
2022-02-22,69890,53680,64606,67136
2022-03-01,73655,52456,66676,64091
2022-03-08,66169,59430,60789,62398
2022-03-15,64662,41768,58460,63051
2022-03-22,68455,16043,63260,48994
2022-03-29,73515,14835,70800,45216
2022-04-05,68107,24200,77067,39916
2022-04-12,57311,36861,72050,44129
2022-04-19,57263,43068,76385,44405
2022-04-26,52832,46126,71860,48896
2022-05-03,46593,47988,72031,48121
2022-05-10,51380,54824,71521,59957
2022-05-17,51112,50680,74683,62687
2022-05-24,62575,49490,77931,64550
2022-05-31,72535,46224,84781,62577
2022-06-07,76091,42760,79046,57498
2022-06-14,64636,45105,78178,63043
2022-06-21,38911,34604,79534,63666
2022-06-28,47022,42463,81914,61182
2022-07-05,57022,44721,79179,70241
2022-07-12,57335,31197,84162,67716
2022-07-19,57667,33864,82941,68513
2022-07-26,58975,38807,90294,66935
2022-08-02,62492,28651,87693,64132
2022-08-09,66934,22334,88895,50947
2022-08-16,65488,17126,99862,50223
2022-08-23,58272,30877,93916,54408
2022-08-30,64812,20750,87252,62262
2022-09-06,77852,18358,80092,72918
2022-09-13,92584,10621,75342,66376
2022-09-20,98360,12483,74235,74355
2022-09-27,97992,8477,74137,84831
2022-10-04,87622,9984,71489,84687
2022-10-11,78780,12213,78991,82555
2022-10-18,73306,18677,78545,78681
2022-10-25,78882,17450,81202,73721
2022-11-01,81825,17901,78807,69758
2022-11-08,77222,17493,77131,68750
2022-11-15,70255,32778,80205,56465
2022-11-22,62439,32731,78435,57571
2022-11-29,67093,32427,76706,60890
2022-12-06,62693,33455,80681,60357
2022-12-13,64069,34945,80650,61006
2022-12-20,53807,42983,79662,68658
2022-12-27,57119,39875,77709,68324
2023-01-03,49729,41408,74060,68315
2023-01-10,57402,46310,80035,62578
2023-01-17,67087,45495,85630,57478
2023-01-24,68143,43761,88155,52070
2023-01-31,73016,48610,89321,51290
2023-02-07,71879,51959,88290,39391
2023-02-14,78647,42734,83332,37354
2023-02-21,75857,40071,75605,42130
2023-02-28,76744,36907,73978,49795
2023-03-07,70161,31962,71463,47212
2023-03-14,61692,31013,73935,53880
2023-03-21,43438,18463,74903,50562
2023-03-28,46923,18398,74720,50400
2023-04-04,42278,28338,69137,36464
2023-04-11,40601,37534,79593,39338
2023-04-18,41477,37587,81209,42596
2023-04-25,40422,41907,79224,38074
2023-05-02,36256,41188,81803,38832
2023-05-09,34579,44637,82681,38373
2023-05-16,41301,51628,88753,37925
2023-05-23,43591,55598,90766,32184
2023-05-30,44623,60479,93268,28824
2023-06-06,43256,68172,95183,23056
2023-06-13,48578,58364,92267,21853
2023-06-20,36909,73518,92743,25816
2023-06-27,40690,72091,90214,25455
2023-07-03,36635,64746,90950,28692
2023-07-11,39593,67485,91820,28126
2023-07-18,37720,75395,96025,24979
2023-07-25,44825,72457,94651,30938
2023-08-01,47734,61088,95570,30815
2023-08-08,52707,62485,93470,27381
2023-08-15,51602,67705,91336,28898
2023-08-22,50150,61876,84561,29117
2023-08-29,52030,62612,87566,24112
2023-09-05,57498,62120,86327,25255
2023-09-12,52876,57386,81069,30492
2023-09-19,41750,73138,87818,19513
2023-09-26,44788,67322,84538,26015
2023-10-03,46979,70851,81295,32429
2023-10-10,47724,76413,83103,26766
2023-10-17,44440,80733,84676,23093
2023-10-24,51220,75249,85950,24944
2023-10-31,59692,72594,80190,34507
2023-11-07,49941,86287,88298,23030
2023-11-14,47225,100185,100730,16433
2023-11-21,49906,110335,109690,16983
2023-11-28,53035,119748,111274,15948
2023-12-05,54064,108214,107327,17805
2023-12-12,59632,97900,99764,18643
2023-12-19,58391,105213,109265,20143
2023-12-26,57515,107159,110160,19524
2024-01-02,48210,106212,115669,26698
2024-01-09,48814,102635,114263,26154
2024-01-16,47900,98079,112243,26608
2024-01-23,53483,115185,117894,23690
2024-01-30,51367,127131,122529,25136
2024-02-06,47235,118545,120557,24425
2024-02-13,47737,121608,121232,21449
2024-02-20,45838,112052,117737,22345
2024-02-27,45535,103597,115900,22499
2024-03-05,54594,92397,107847,25540
2024-03-12,52001,83338,107944,24812
2024-03-19,28419,73811,108027,20817
2024-03-26,37121,78108,106794,23599
2024-04-02,37901,78717,105990,23451
2024-04-09,36149,83634,108088,17696
2024-04-16,30830,72552,107558,18746
2024-04-23,30069,76086,104111,20794
2024-04-30,33078,66569,96683,22507
2024-05-07,28724,62116,99007,18613
2024-05-14,37760,65066,100120,18097
2024-05-21,32176,71254,104579,18897
2024-05-28,32319,78439,110778,19326
2024-06-04,31466,74080,107555,22693
2024-06-11,45292,74380,104253,22448
2024-06-18,36489,66045,100894,24825
2024-06-25,27331,82955,108644,20811
2024-07-02,27820,89869,108041,23073
2024-07-09,32556,93063,112226,25600
2024-07-16,24315,91716,112747,24887
2024-07-23,19134,88487,103709,28175
2024-07-30,18515,98543,102423,30397
2024-08-06,16885,105996,96589,26567
2024-08-13,20157,95689,95500,24906
2024-08-20,28322,85499,95604,24908
2024-08-27,27784,97072,95771,22930
2024-09-03,31002,102851,88481,22064
2024-09-10,29593,104530,82071,24075
2024-09-17,32186,97288,76900,22998
2024-09-24,33555,92593,85670,21153
2024-10-01,35488,90052,91944,23223
2024-10-08,35526,90729,94275,22536
2024-10-15,41325,85557,93147,24423
2024-10-22,50257,92966,93220,23909
2024-10-29,46607,100554,93298,24107
2024-11-05,45026,105948,93437,25939
2024-11-12,48248,113620,101654,24693
2024-11-19,50126,125350,100560,23470
2024-11-26,55087,124515,100730,24546
2024-12-03,56364,128481,103761,24551
2024-12-10,48294,129171,102609,23160
2024-12-17,44910,119247,97744,26080
2024-12-24,29442,99153,93657,28200
2024-12-31,29736,114262,97191,28566
2025-01-07,31364,94000,95537,30317
2025-01-14,31410,94423,98754,33234
2025-01-21,32931,96574,96783,35773
2025-01-28,32193,85233,100698,41626
2025-02-04,34956,83161,100914,41668
2025-02-11,38275,84534,106956,41743
2025-02-18,42759,89229,109185,42730
2025-02-25,35302,110037,103665,45133
2025-03-04,30430,113543,98027,49497
2025-03-11,31452,123584,89490,51022
2025-03-18,33981,99974,83175,49232
2025-03-25,42142,63762,89845,50112
2025-04-01,40641,77881,92734,45284
2025-04-08,37898,84731,86968,49741
2025-04-15,43320,75399,87831,48006
2025-04-22,44889,80519,84823,51147
2025-04-29,53516,66022,83296,43576
2025-05-06,56739,58754,81590,40481
2025-05-13,73693,59349,84784,41464
2025-05-20,73255,60448,87928,38586
2025-05-27,62286,63328,90050,38667
2025-06-03,60145,68881,93035,38773
2025-06-10,63054,76121,92286,38602
2025-06-17,57205,72664,94954,39512
2025-06-24,46925,84219,89165,39187
2025-07-01,47980,108725,90477,35431
2025-07-08,47206,117968,93003,31617
2025-07-15,48891,119581,98504,30303
2025-07-22,49992,116122,96346,30929
2025-07-29,54789,120073,103535,30272
2025-08-05,45337,126578,107468,30906
2025-08-12,52665,132212,116980,34716
2025-08-19,52458,132352,114540,31552
2025-08-26,49753,132377,111116,30939
2025-09-02,50329,119227,108407,32785
2025-09-09,50200,118863,114177,34186
2025-09-16,55367,122744,114781,32908
2025-09-23,47760,108021,111251,33195
2025-09-30,43505,133340,111777,32065
2025-10-07,46502,134353,117009,32809
2025-10-14,41842,130857,113663,30226
2025-10-21,45535,141735,115878,33745
2025-10-28,50265,144804,114585,38316
2025-11-04,45743,148276,111689,31712
2025-11-10,46162,151993,108326,34472
2025-11-18,45443,151289,109657,32135
2025-11-25,44649,145117,110973,33817
2025-12-02,54145,145134,109798,32878
2025-12-09,66064,143258,111562,31345
2025-12-16,43628,135455,112028,31546
2025-12-23,36258,120095,107257,30935
2025-12-30,43983,122714,112043,30842
2026-01-06,37189,125127,112406,31245
2026-01-13,45989,130169,112990,28648
2026-01-20,39811,111471,109603,29621
2026-01-27,38264,119675,109031,29674
2026-02-03,38306,116803,107944,35620
2026-02-10,41453,117273,106340,34193
2026-02-17,39131,112852,108770,34929
2026-02-24,48059,108357,106213,36919
2026-03-03,51171,96563,102985,35402
2026-03-10,46264,86931,100576,36155
2026-03-17,48890,82853,96720,36469
2026-03-24,46512,65954,91326,41056
2026-03-31,47832,75585,96769,39119
2026-04-07,52605,73732,94617,37036
2026-04-14,51423,83979,106090,29785
2026-04-21,46538,102805,114615,30324
2026-04-28,49860,103829,114854,36156
2026-05-05,53418,114018,117433,32301
2026-05-12,57252,101254,118058,27840
2026-05-19,51640,110510,120129,27828
2026-05-26,61230,106252,117374,32311
2026-06-02,73912,104591,116161,37070
2026-06-09,56113,103454,114627,31260
2026-06-16,65939,109912,107695,37372
2026-06-23,69190,87997,98769,35861
2026-06-30,77804,80900,102755,35445
2026-07-07,65313,95557,111434,32464
2026-07-14,74318,85345,106744,32681
2026-07-21,71268,76968,104664,32039
2026-07-28,54481,82062,106927,30168
2026-08-04,71439,62690,99819,35460
