date,ret1,cum3,event,vix,vix_1y_pct,smh_gap,nsp,svr_rel,pc,dealer_net,y2_chg1,dxy_chg1,move,epu_pct,gex_b,drawdown60,move_curve_pct,wood,fire,jpy5,jcot_pct
2026-07-31,0.6,1.84,0,15.99,24,-0.29,94,65,0.63,-27581,,,,,,,,,,,
2026-08-03,1.78,5.83,1,15.86,24,-1.88,94,85,0.55,-27581,-0.03,0.06,70.88,88,6.7,-6.14,51,,,,
2026-08-04,3.32,5.79,1,16.5,37,3.29,94,65,0.46,-27581,-0.05,-0.24,70.88,99,8.5,-3.02,51,,,,
2026-08-05,-0.83,4.29,0,15.81,23,-0.22,94,55,0.6,-27581,-0.02,0.06,70.88,98,10.3,-3.83,51,,,,
2026-08-06,-0.39,2.07,0,15.15,12,0.7,94,45,0.57,-27581,0.07,0.14,70.88,82,7.9,-4.2,51,,,,
2026-08-07,1.19,-0.04,0,14.9,9,0.56,100,40,0.54,8749,-0.06,0.14,72.03,90,9.1,-3.06,51,,,,
2026-08-10,-0.34,0.45,0,15.46,17,-1.73,100,95,0.61,8749,0.06,-0.02,72.03,92,8.3,-3.39,51,,,,
2026-08-11,-0.33,0.52,0,15.28,13,1.18,100,10,0.63,8749,-0.03,0.06,77.915,78,6.9,-3.7,,4,2,0.97,40
2026-08-12,0.74,0.07,0,14.55,4,1.1,100,5,0.61,8749,-0.02,0.04,77.915,93,10.6,-2.99,51,4,1,0.57,40
