date,equity_pc,source
2020-01-27,0.64,cdn.cboe.com/data/us/options/market_statistics/daily/2020-01-27_daily_options
2020-02-04,0.46,cdn.cboe.com/data/us/options/market_statistics/daily/2020-02-04_daily_options
2020-02-20,0.51,cdn.cboe.com/data/us/options/market_statistics/daily/2020-02-20_daily_options
2020-02-21,0.73,cdn.cboe.com/data/us/options/market_statistics/daily/2020-02-21_daily_options
2020-02-24,0.70,cdn.cboe.com/data/us/options/market_statistics/daily/2020-02-24_daily_options
2020-02-25,0.80,cdn.cboe.com/data/us/options/market_statistics/daily/2020-02-25_daily_options
2020-02-26,0.65,cdn.cboe.com/data/us/options/market_statistics/daily/2020-02-26_daily_options
2020-02-27,0.86,cdn.cboe.com/data/us/options/market_statistics/daily/2020-02-27_daily_options
2020-03-02,0.76,cdn.cboe.com/data/us/options/market_statistics/daily/2020-03-02_daily_options
2020-03-03,0.73,cdn.cboe.com/data/us/options/market_statistics/daily/2020-03-03_daily_options
2020-03-04,0.64,cdn.cboe.com/data/us/options/market_statistics/daily/2020-03-04_daily_options
2020-03-05,0.78,cdn.cboe.com/data/us/options/market_statistics/daily/2020-03-05_daily_options
2020-03-06,0.89,cdn.cboe.com/data/us/options/market_statistics/daily/2020-03-06_daily_options
2020-03-09,1.12,cdn.cboe.com/data/us/options/market_statistics/daily/2020-03-09_daily_options
2020-03-10,0.75,cdn.cboe.com/data/us/options/market_statistics/daily/2020-03-10_daily_options
2020-03-11,1.02,cdn.cboe.com/data/us/options/market_statistics/daily/2020-03-11_daily_options
2020-03-12,1.28,cdn.cboe.com/data/us/options/market_statistics/daily/2020-03-12_daily_options
2020-03-13,1.00,cdn.cboe.com/data/us/options/market_statistics/daily/2020-03-13_daily_options
2020-03-16,1.10,cdn.cboe.com/data/us/options/market_statistics/daily/2020-03-16_daily_options
2020-03-17,0.86,cdn.cboe.com/data/us/options/market_statistics/daily/2020-03-17_daily_options
2020-03-18,0.98,cdn.cboe.com/data/us/options/market_statistics/daily/2020-03-18_daily_options
2020-03-19,0.88,cdn.cboe.com/data/us/options/market_statistics/daily/2020-03-19_daily_options
2020-03-20,0.83,cdn.cboe.com/data/us/options/market_statistics/daily/2020-03-20_daily_options
2020-03-23,0.62,cdn.cboe.com/data/us/options/market_statistics/daily/2020-03-23_daily_options
2020-03-24,0.63,cdn.cboe.com/data/us/options/market_statistics/daily/2020-03-24_daily_options
2020-03-25,0.65,cdn.cboe.com/data/us/options/market_statistics/daily/2020-03-25_daily_options
2020-03-26,0.58,cdn.cboe.com/data/us/options/market_statistics/daily/2020-03-26_daily_options
2020-03-27,0.70,cdn.cboe.com/data/us/options/market_statistics/daily/2020-03-27_daily_options
2020-03-30,0.68,cdn.cboe.com/data/us/options/market_statistics/daily/2020-03-30_daily_options
2020-04-01,0.86,cdn.cboe.com/data/us/options/market_statistics/daily/2020-04-01_daily_options
2020-04-02,0.82,cdn.cboe.com/data/us/options/market_statistics/daily/2020-04-02_daily_options
2020-04-03,0.83,cdn.cboe.com/data/us/options/market_statistics/daily/2020-04-03_daily_options
2020-04-06,0.69,cdn.cboe.com/data/us/options/market_statistics/daily/2020-04-06_daily_options
2020-04-07,0.65,cdn.cboe.com/data/us/options/market_statistics/daily/2020-04-07_daily_options
2020-04-08,0.65,cdn.cboe.com/data/us/options/market_statistics/daily/2020-04-08_daily_options
2020-04-09,0.65,cdn.cboe.com/data/us/options/market_statistics/daily/2020-04-09_daily_options
2020-04-13,0.65,cdn.cboe.com/data/us/options/market_statistics/daily/2020-04-13_daily_options
2020-04-14,0.58,cdn.cboe.com/data/us/options/market_statistics/daily/2020-04-14_daily_options
2020-04-15,0.70,cdn.cboe.com/data/us/options/market_statistics/daily/2020-04-15_daily_options
2020-04-16,0.59,cdn.cboe.com/data/us/options/market_statistics/daily/2020-04-16_daily_options
2020-04-21,0.69,cdn.cboe.com/data/us/options/market_statistics/daily/2020-04-21_daily_options
2020-04-22,0.66,cdn.cboe.com/data/us/options/market_statistics/daily/2020-04-22_daily_options
2020-04-29,0.53,cdn.cboe.com/data/us/options/market_statistics/daily/2020-04-29_daily_options
2020-05-01,0.83,cdn.cboe.com/data/us/options/market_statistics/daily/2020-05-01_daily_options
2020-05-12,0.60,cdn.cboe.com/data/us/options/market_statistics/daily/2020-05-12_daily_options
2020-05-20,0.49,cdn.cboe.com/data/us/options/market_statistics/daily/2020-05-20_daily_options
2020-06-05,0.41,cdn.cboe.com/data/us/options/market_statistics/daily/2020-06-05_daily_options
2020-06-11,0.70,cdn.cboe.com/data/us/options/market_statistics/daily/2020-06-11_daily_options
2020-06-24,0.62,cdn.cboe.com/data/us/options/market_statistics/daily/2020-06-24_daily_options
2020-06-26,0.74,cdn.cboe.com/data/us/options/market_statistics/daily/2020-06-26_daily_options
2020-07-06,0.42,cdn.cboe.com/data/us/options/market_statistics/daily/2020-07-06_daily_options
2020-07-13,0.41,cdn.cboe.com/data/us/options/market_statistics/daily/2020-07-13_daily_options
2020-07-20,0.45,cdn.cboe.com/data/us/options/market_statistics/daily/2020-07-20_daily_options
2020-07-23,0.53,cdn.cboe.com/data/us/options/market_statistics/daily/2020-07-23_daily_options
2020-08-12,0.47,cdn.cboe.com/data/us/options/market_statistics/daily/2020-08-12_daily_options
2020-08-26,0.39,cdn.cboe.com/data/us/options/market_statistics/daily/2020-08-26_daily_options
2020-09-02,0.40,cdn.cboe.com/data/us/options/market_statistics/daily/2020-09-02_daily_options
2020-09-03,0.58,cdn.cboe.com/data/us/options/market_statistics/daily/2020-09-03_daily_options
2020-09-04,0.67,cdn.cboe.com/data/us/options/market_statistics/daily/2020-09-04_daily_options
2020-09-08,0.57,cdn.cboe.com/data/us/options/market_statistics/daily/2020-09-08_daily_options
2020-09-09,0.62,cdn.cboe.com/data/us/options/market_statistics/daily/2020-09-09_daily_options
2020-09-10,0.54,cdn.cboe.com/data/us/options/market_statistics/daily/2020-09-10_daily_options
2020-09-23,0.51,cdn.cboe.com/data/us/options/market_statistics/daily/2020-09-23_daily_options
2020-09-25,0.56,cdn.cboe.com/data/us/options/market_statistics/daily/2020-09-25_daily_options
2020-10-02,0.54,cdn.cboe.com/data/us/options/market_statistics/daily/2020-10-02_daily_options
2020-10-05,0.49,cdn.cboe.com/data/us/options/market_statistics/daily/2020-10-05_daily_options
2020-10-08,0.39,cdn.cboe.com/data/us/options/market_statistics/daily/2020-10-08_daily_options
2020-10-09,0.44,cdn.cboe.com/data/us/options/market_statistics/daily/2020-10-09_daily_options
2020-10-12,0.41,cdn.cboe.com/data/us/options/market_statistics/daily/2020-10-12_daily_options
2020-10-28,0.65,cdn.cboe.com/data/us/options/market_statistics/daily/2020-10-28_daily_options
2020-10-30,0.77,cdn.cboe.com/data/us/options/market_statistics/daily/2020-10-30_daily_options
2020-11-02,0.62,cdn.cboe.com/data/us/options/market_statistics/daily/2020-11-02_daily_options
2020-11-03,0.45,cdn.cboe.com/data/us/options/market_statistics/daily/2020-11-03_daily_options
2020-11-04,0.45,cdn.cboe.com/data/us/options/market_statistics/daily/2020-11-04_daily_options
2020-11-05,0.44,cdn.cboe.com/data/us/options/market_statistics/daily/2020-11-05_daily_options
2020-11-06,0.41,cdn.cboe.com/data/us/options/market_statistics/daily/2020-11-06_daily_options
2020-11-09,0.37,cdn.cboe.com/data/us/options/market_statistics/daily/2020-11-09_daily_options
2020-11-11,0.46,cdn.cboe.com/data/us/options/market_statistics/daily/2020-11-11_daily_options
2020-12-09,0.42,cdn.cboe.com/data/us/options/market_statistics/daily/2020-12-09_daily_options
2021-01-07,0.38,cdn.cboe.com/data/us/options/market_statistics/daily/2021-01-07_daily_options
2021-01-20,0.40,cdn.cboe.com/data/us/options/market_statistics/daily/2021-01-20_daily_options
2021-01-27,0.40,cdn.cboe.com/data/us/options/market_statistics/daily/2021-01-27_daily_options
2021-01-29,0.58,cdn.cboe.com/data/us/options/market_statistics/daily/2021-01-29_daily_options
2021-02-01,0.42,cdn.cboe.com/data/us/options/market_statistics/daily/2021-02-01_daily_options
2021-02-22,0.43,cdn.cboe.com/data/us/options/market_statistics/daily/2021-02-22_daily_options
2021-02-25,0.47,cdn.cboe.com/data/us/options/market_statistics/daily/2021-02-25_daily_options
2021-03-01,0.38,cdn.cboe.com/data/us/options/market_statistics/daily/2021-03-01_daily_options
2021-03-02,0.44,cdn.cboe.com/data/us/options/market_statistics/daily/2021-03-02_daily_options
2021-03-03,0.48,cdn.cboe.com/data/us/options/market_statistics/daily/2021-03-03_daily_options
2021-03-04,0.54,cdn.cboe.com/data/us/options/market_statistics/daily/2021-03-04_daily_options
2021-03-08,0.46,cdn.cboe.com/data/us/options/market_statistics/daily/2021-03-08_daily_options
2021-03-09,0.42,cdn.cboe.com/data/us/options/market_statistics/daily/2021-03-09_daily_options
2021-03-10,0.42,cdn.cboe.com/data/us/options/market_statistics/daily/2021-03-10_daily_options
2021-03-11,0.44,cdn.cboe.com/data/us/options/market_statistics/daily/2021-03-11_daily_options
2021-03-18,0.47,cdn.cboe.com/data/us/options/market_statistics/daily/2021-03-18_daily_options
2021-03-31,0.42,cdn.cboe.com/data/us/options/market_statistics/daily/2021-03-31_daily_options
2021-04-01,0.42,cdn.cboe.com/data/us/options/market_statistics/daily/2021-04-01_daily_options
2021-04-05,0.38,cdn.cboe.com/data/us/options/market_statistics/daily/2021-04-05_daily_options
2021-05-10,0.59,cdn.cboe.com/data/us/options/market_statistics/daily/2021-05-10_daily_options
2021-05-11,0.57,cdn.cboe.com/data/us/options/market_statistics/daily/2021-05-11_daily_options
2021-05-12,0.63,cdn.cboe.com/data/us/options/market_statistics/daily/2021-05-12_daily_options
2021-05-14,0.54,cdn.cboe.com/data/us/options/market_statistics/daily/2021-05-14_daily_options
2021-09-20,0.54,cdn.cboe.com/data/us/options/market_statistics/daily/2021-09-20_daily_options
2021-09-28,0.55,cdn.cboe.com/data/us/options/market_statistics/daily/2021-09-28_daily_options
2021-10-04,0.59,cdn.cboe.com/data/us/options/market_statistics/daily/2021-10-04_daily_options
2021-11-26,0.56,cdn.cboe.com/data/us/options/market_statistics/daily/2021-11-26_daily_options
2021-11-29,0.42,cdn.cboe.com/data/us/options/market_statistics/daily/2021-11-29_daily_options
2021-12-07,0.43,cdn.cboe.com/data/us/options/market_statistics/daily/2021-12-07_daily_options
2021-12-15,0.59,cdn.cboe.com/data/us/options/market_statistics/daily/2021-12-15_daily_options
2021-12-16,0.55,cdn.cboe.com/data/us/options/market_statistics/daily/2021-12-16_daily_options
2021-12-21,0.49,cdn.cboe.com/data/us/options/market_statistics/daily/2021-12-21_daily_options
2022-01-05,0.57,cdn.cboe.com/data/us/options/market_statistics/daily/2022-01-05_daily_options
2022-01-13,0.60,cdn.cboe.com/data/us/options/market_statistics/daily/2022-01-13_daily_options
2022-01-18,0.52,cdn.cboe.com/data/us/options/market_statistics/daily/2022-01-18_daily_options
2022-01-19,0.55,cdn.cboe.com/data/us/options/market_statistics/daily/2022-01-19_daily_options
2022-01-20,0.62,cdn.cboe.com/data/us/options/market_statistics/daily/2022-01-20_daily_options
2022-01-21,0.82,cdn.cboe.com/data/us/options/market_statistics/daily/2022-01-21_daily_options
2022-01-25,0.61,cdn.cboe.com/data/us/options/market_statistics/daily/2022-01-25_daily_options
2022-01-27,0.70,cdn.cboe.com/data/us/options/market_statistics/daily/2022-01-27_daily_options
2022-01-28,0.72,cdn.cboe.com/data/us/options/market_statistics/daily/2022-01-28_daily_options
2022-01-31,0.53,cdn.cboe.com/data/us/options/market_statistics/daily/2022-01-31_daily_options
2022-02-01,0.53,cdn.cboe.com/data/us/options/market_statistics/daily/2022-02-01_daily_options
2022-02-03,0.75,cdn.cboe.com/data/us/options/market_statistics/daily/2022-02-03_daily_options
2022-02-09,0.44,cdn.cboe.com/data/us/options/market_statistics/daily/2022-02-09_daily_options
2022-02-10,0.49,cdn.cboe.com/data/us/options/market_statistics/daily/2022-02-10_daily_options
2022-02-11,0.64,cdn.cboe.com/data/us/options/market_statistics/daily/2022-02-11_daily_options
2022-02-14,0.66,cdn.cboe.com/data/us/options/market_statistics/daily/2022-02-14_daily_options
2022-02-15,0.50,cdn.cboe.com/data/us/options/market_statistics/daily/2022-02-15_daily_options
2022-02-17,0.68,cdn.cboe.com/data/us/options/market_statistics/daily/2022-02-17_daily_options
2022-02-18,0.73,cdn.cboe.com/data/us/options/market_statistics/daily/2022-02-18_daily_options
2022-02-22,0.55,cdn.cboe.com/data/us/options/market_statistics/daily/2022-02-22_daily_options
2022-02-23,0.66,cdn.cboe.com/data/us/options/market_statistics/daily/2022-02-23_daily_options
2022-02-24,0.67,cdn.cboe.com/data/us/options/market_statistics/daily/2022-02-24_daily_options
2022-02-25,0.57,cdn.cboe.com/data/us/options/market_statistics/daily/2022-02-25_daily_options
2022-02-28,0.49,cdn.cboe.com/data/us/options/market_statistics/daily/2022-02-28_daily_options
2022-03-03,0.59,cdn.cboe.com/data/us/options/market_statistics/daily/2022-03-03_daily_options
2022-03-04,0.67,cdn.cboe.com/data/us/options/market_statistics/daily/2022-03-04_daily_options
2022-03-07,0.57,cdn.cboe.com/data/us/options/market_statistics/daily/2022-03-07_daily_options
2022-03-08,0.52,cdn.cboe.com/data/us/options/market_statistics/daily/2022-03-08_daily_options
2022-03-09,0.54,cdn.cboe.com/data/us/options/market_statistics/daily/2022-03-09_daily_options
2022-03-10,0.60,cdn.cboe.com/data/us/options/market_statistics/daily/2022-03-10_daily_options
2022-03-11,0.66,cdn.cboe.com/data/us/options/market_statistics/daily/2022-03-11_daily_options
2022-03-14,0.63,cdn.cboe.com/data/us/options/market_statistics/daily/2022-03-14_daily_options
2022-03-15,0.70,cdn.cboe.com/data/us/options/market_statistics/daily/2022-03-15_daily_options
2022-03-16,0.56,cdn.cboe.com/data/us/options/market_statistics/daily/2022-03-16_daily_options
2022-03-17,0.56,cdn.cboe.com/data/us/options/market_statistics/daily/2022-03-17_daily_options
2022-03-18,0.45,cdn.cboe.com/data/us/options/market_statistics/daily/2022-03-18_daily_options
2022-03-24,0.47,cdn.cboe.com/data/us/options/market_statistics/daily/2022-03-24_daily_options
2022-04-04,0.48,cdn.cboe.com/data/us/options/market_statistics/daily/2022-04-04_daily_options
2022-04-05,0.58,cdn.cboe.com/data/us/options/market_statistics/daily/2022-04-05_daily_options
2022-04-06,0.60,cdn.cboe.com/data/us/options/market_statistics/daily/2022-04-06_daily_options
2022-04-11,0.55,cdn.cboe.com/data/us/options/market_statistics/daily/2022-04-11_daily_options
2022-04-14,0.50,cdn.cboe.com/data/us/options/market_statistics/daily/2022-04-14_daily_options
2022-04-19,0.51,cdn.cboe.com/data/us/options/market_statistics/daily/2022-04-19_daily_options
2022-04-20,0.61,cdn.cboe.com/data/us/options/market_statistics/daily/2022-04-20_daily_options
2022-04-21,0.72,cdn.cboe.com/data/us/options/market_statistics/daily/2022-04-21_daily_options
2022-04-22,0.87,cdn.cboe.com/data/us/options/market_statistics/daily/2022-04-22_daily_options
2022-04-25,0.63,cdn.cboe.com/data/us/options/market_statistics/daily/2022-04-25_daily_options
2022-04-26,0.72,cdn.cboe.com/data/us/options/market_statistics/daily/2022-04-26_daily_options
2022-04-28,0.71,cdn.cboe.com/data/us/options/market_statistics/daily/2022-04-28_daily_options
2022-04-29,0.78,cdn.cboe.com/data/us/options/market_statistics/daily/2022-04-29_daily_options
2022-05-02,0.65,cdn.cboe.com/data/us/options/market_statistics/daily/2022-05-02_daily_options
2022-05-03,0.54,cdn.cboe.com/data/us/options/market_statistics/daily/2022-05-03_daily_options
2022-05-04,0.58,cdn.cboe.com/data/us/options/market_statistics/daily/2022-05-04_daily_options
2022-05-05,0.63,cdn.cboe.com/data/us/options/market_statistics/daily/2022-05-05_daily_options
2022-05-06,0.72,cdn.cboe.com/data/us/options/market_statistics/daily/2022-05-06_daily_options
2022-05-09,0.78,cdn.cboe.com/data/us/options/market_statistics/daily/2022-05-09_daily_options
2022-05-10,0.68,cdn.cboe.com/data/us/options/market_statistics/daily/2022-05-10_daily_options
2022-05-11,0.82,cdn.cboe.com/data/us/options/market_statistics/daily/2022-05-11_daily_options
2022-05-13,0.66,cdn.cboe.com/data/us/options/market_statistics/daily/2022-05-13_daily_options
2022-05-16,0.64,cdn.cboe.com/data/us/options/market_statistics/daily/2022-05-16_daily_options
2022-05-17,0.69,cdn.cboe.com/data/us/options/market_statistics/daily/2022-05-17_daily_options
2022-05-18,0.83,cdn.cboe.com/data/us/options/market_statistics/daily/2022-05-18_daily_options
2022-05-19,0.80,cdn.cboe.com/data/us/options/market_statistics/daily/2022-05-19_daily_options
2022-05-20,0.80,cdn.cboe.com/data/us/options/market_statistics/daily/2022-05-20_daily_options
2022-05-24,0.77,cdn.cboe.com/data/us/options/market_statistics/daily/2022-05-24_daily_options
2022-05-25,0.63,cdn.cboe.com/data/us/options/market_statistics/daily/2022-05-25_daily_options
2022-05-26,0.63,cdn.cboe.com/data/us/options/market_statistics/daily/2022-05-26_daily_options
2022-05-27,0.49,cdn.cboe.com/data/us/options/market_statistics/daily/2022-05-27_daily_options
2022-05-31,0.64,cdn.cboe.com/data/us/options/market_statistics/daily/2022-05-31_daily_options
2022-06-02,0.62,cdn.cboe.com/data/us/options/market_statistics/daily/2022-06-02_daily_options
2022-06-03,0.77,cdn.cboe.com/data/us/options/market_statistics/daily/2022-06-03_daily_options
2022-06-08,0.57,cdn.cboe.com/data/us/options/market_statistics/daily/2022-06-08_daily_options
2022-06-09,0.69,cdn.cboe.com/data/us/options/market_statistics/daily/2022-06-09_daily_options
2022-06-10,0.89,cdn.cboe.com/data/us/options/market_statistics/daily/2022-06-10_daily_options
2022-06-13,0.84,cdn.cboe.com/data/us/options/market_statistics/daily/2022-06-13_daily_options
2022-06-14,0.83,cdn.cboe.com/data/us/options/market_statistics/daily/2022-06-14_daily_options
2022-06-15,0.70,cdn.cboe.com/data/us/options/market_statistics/daily/2022-06-15_daily_options
2022-06-16,0.86,cdn.cboe.com/data/us/options/market_statistics/daily/2022-06-16_daily_options
2022-06-21,0.48,cdn.cboe.com/data/us/options/market_statistics/daily/2022-06-21_daily_options
2022-06-24,0.51,cdn.cboe.com/data/us/options/market_statistics/daily/2022-06-24_daily_options
2022-06-28,0.66,cdn.cboe.com/data/us/options/market_statistics/daily/2022-06-28_daily_options
2022-07-07,0.57,cdn.cboe.com/data/us/options/market_statistics/daily/2022-07-07_daily_options
2022-07-11,0.64,cdn.cboe.com/data/us/options/market_statistics/daily/2022-07-11_daily_options
2022-07-19,0.59,cdn.cboe.com/data/us/options/market_statistics/daily/2022-07-19_daily_options
2022-07-20,0.62,cdn.cboe.com/data/us/options/market_statistics/daily/2022-07-20_daily_options
2022-07-21,0.63,cdn.cboe.com/data/us/options/market_statistics/daily/2022-07-21_daily_options
2022-07-27,0.66,cdn.cboe.com/data/us/options/market_statistics/daily/2022-07-27_daily_options
2022-07-28,0.67,cdn.cboe.com/data/us/options/market_statistics/daily/2022-07-28_daily_options
2022-07-29,0.61,cdn.cboe.com/data/us/options/market_statistics/daily/2022-07-29_daily_options
2022-08-03,0.56,cdn.cboe.com/data/us/options/market_statistics/daily/2022-08-03_daily_options
2022-08-10,0.58,cdn.cboe.com/data/us/options/market_statistics/daily/2022-08-10_daily_options
2022-08-12,0.50,cdn.cboe.com/data/us/options/market_statistics/daily/2022-08-12_daily_options
2022-08-22,0.65,cdn.cboe.com/data/us/options/market_statistics/daily/2022-08-22_daily_options
2022-08-26,0.76,cdn.cboe.com/data/us/options/market_statistics/daily/2022-08-26_daily_options
2022-08-29,0.74,cdn.cboe.com/data/us/options/market_statistics/daily/2022-08-29_daily_options
2022-08-30,0.80,cdn.cboe.com/data/us/options/market_statistics/daily/2022-08-30_daily_options
2022-09-07,0.75,cdn.cboe.com/data/us/options/market_statistics/daily/2022-09-07_daily_options
2022-09-09,0.52,cdn.cboe.com/data/us/options/market_statistics/daily/2022-09-09_daily_options
2022-09-13,0.73,cdn.cboe.com/data/us/options/market_statistics/daily/2022-09-13_daily_options
2022-09-14,0.75,cdn.cboe.com/data/us/options/market_statistics/daily/2022-09-14_daily_options
2022-09-15,0.73,cdn.cboe.com/data/us/options/market_statistics/daily/2022-09-15_daily_options
2022-09-29,0.91,cdn.cboe.com/data/us/options/market_statistics/daily/2022-09-29_daily_options
2022-10-03,0.71,cdn.cboe.com/data/us/options/market_statistics/daily/2022-10-03_daily_options
2022-10-04,0.64,cdn.cboe.com/data/us/options/market_statistics/daily/2022-10-04_daily_options
2022-10-05,0.72,cdn.cboe.com/data/us/options/market_statistics/daily/2022-10-05_daily_options
2022-10-06,0.71,cdn.cboe.com/data/us/options/market_statistics/daily/2022-10-06_daily_options
2022-10-07,0.88,cdn.cboe.com/data/us/options/market_statistics/daily/2022-10-07_daily_options
2022-10-10,0.65,cdn.cboe.com/data/us/options/market_statistics/daily/2022-10-10_daily_options
2022-10-11,0.77,cdn.cboe.com/data/us/options/market_statistics/daily/2022-10-11_daily_options
2022-10-13,0.66,cdn.cboe.com/data/us/options/market_statistics/daily/2022-10-13_daily_options
2022-10-14,0.63,cdn.cboe.com/data/us/options/market_statistics/daily/2022-10-14_daily_options
2022-10-17,0.61,cdn.cboe.com/data/us/options/market_statistics/daily/2022-10-17_daily_options
2022-10-21,0.58,cdn.cboe.com/data/us/options/market_statistics/daily/2022-10-21_daily_options
2022-10-24,0.55,cdn.cboe.com/data/us/options/market_statistics/daily/2022-10-24_daily_options
2022-10-25,0.62,cdn.cboe.com/data/us/options/market_statistics/daily/2022-10-25_daily_options
2022-10-26,0.65,cdn.cboe.com/data/us/options/market_statistics/daily/2022-10-26_daily_options
2022-10-28,0.66,cdn.cboe.com/data/us/options/market_statistics/daily/2022-10-28_daily_options
2022-10-31,0.61,cdn.cboe.com/data/us/options/market_statistics/daily/2022-10-31_daily_options
2022-11-01,0.63,cdn.cboe.com/data/us/options/market_statistics/daily/2022-11-01_daily_options
2022-11-02,1.14,cdn.cboe.com/data/us/options/market_statistics/daily/2022-11-02_daily_options
2022-11-03,0.69,cdn.cboe.com/data/us/options/market_statistics/daily/2022-11-03_daily_options
2022-11-08,1.30,cdn.cboe.com/data/us/options/market_statistics/daily/2022-11-08_daily_options
2022-11-09,0.96,cdn.cboe.com/data/us/options/market_statistics/daily/2022-11-09_daily_options
2022-11-10,0.60,cdn.cboe.com/data/us/options/market_statistics/daily/2022-11-10_daily_options
2022-11-11,0.55,cdn.cboe.com/data/us/options/market_statistics/daily/2022-11-11_daily_options
2022-11-14,0.61,cdn.cboe.com/data/us/options/market_statistics/daily/2022-11-14_daily_options
2022-11-30,1.27,cdn.cboe.com/data/us/options/market_statistics/daily/2022-11-30_daily_options
2022-12-06,0.73,cdn.cboe.com/data/us/options/market_statistics/daily/2022-12-06_daily_options
2022-12-15,0.73,cdn.cboe.com/data/us/options/market_statistics/daily/2022-12-15_daily_options
2022-12-16,1.19,cdn.cboe.com/data/us/options/market_statistics/daily/2022-12-16_daily_options
2022-12-19,0.62,cdn.cboe.com/data/us/options/market_statistics/daily/2022-12-19_daily_options
2022-12-22,1.35,cdn.cboe.com/data/us/options/market_statistics/daily/2022-12-22_daily_options
2022-12-29,1.33,cdn.cboe.com/data/us/options/market_statistics/daily/2022-12-29_daily_options
2023-01-06,0.91,cdn.cboe.com/data/us/options/market_statistics/daily/2023-01-06_daily_options
2023-01-20,0.54,cdn.cboe.com/data/us/options/market_statistics/daily/2023-01-20_daily_options
2023-01-23,0.53,cdn.cboe.com/data/us/options/market_statistics/daily/2023-01-23_daily_options
2023-01-26,0.68,cdn.cboe.com/data/us/options/market_statistics/daily/2023-01-26_daily_options
2023-01-30,0.56,cdn.cboe.com/data/us/options/market_statistics/daily/2023-01-30_daily_options
2023-01-31,0.66,cdn.cboe.com/data/us/options/market_statistics/daily/2023-01-31_daily_options
2023-02-01,0.59,cdn.cboe.com/data/us/options/market_statistics/daily/2023-02-01_daily_options
2023-02-02,0.49,cdn.cboe.com/data/us/options/market_statistics/daily/2023-02-02_daily_options
2023-02-07,0.60,cdn.cboe.com/data/us/options/market_statistics/daily/2023-02-07_daily_options
2023-02-21,0.68,cdn.cboe.com/data/us/options/market_statistics/daily/2023-02-21_daily_options
2023-03-03,0.59,cdn.cboe.com/data/us/options/market_statistics/daily/2023-03-03_daily_options
2023-03-14,0.75,cdn.cboe.com/data/us/options/market_statistics/daily/2023-03-14_daily_options
2023-03-15,0.80,cdn.cboe.com/data/us/options/market_statistics/daily/2023-03-15_daily_options
2023-03-16,0.66,cdn.cboe.com/data/us/options/market_statistics/daily/2023-03-16_daily_options
2023-04-13,0.62,cdn.cboe.com/data/us/options/market_statistics/daily/2023-04-13_daily_options
2023-04-27,0.70,cdn.cboe.com/data/us/options/market_statistics/daily/2023-04-27_daily_options
2023-05-05,0.69,cdn.cboe.com/data/us/options/market_statistics/daily/2023-05-05_daily_options
2023-05-25,0.56,cdn.cboe.com/data/us/options/market_statistics/daily/2023-05-25_daily_options
2023-05-26,0.53,cdn.cboe.com/data/us/options/market_statistics/daily/2023-05-26_daily_options
2023-05-30,0.51,cdn.cboe.com/data/us/options/market_statistics/daily/2023-05-30_daily_options
2023-07-20,0.61,cdn.cboe.com/data/us/options/market_statistics/daily/2023-07-20_daily_options
2023-08-02,0.62,cdn.cboe.com/data/us/options/market_statistics/daily/2023-08-02_daily_options
2023-08-24,0.79,cdn.cboe.com/data/us/options/market_statistics/daily/2023-08-24_daily_options
2023-08-29,0.69,cdn.cboe.com/data/us/options/market_statistics/daily/2023-08-29_daily_options
2023-10-25,0.90,cdn.cboe.com/data/us/options/market_statistics/daily/2023-10-25_daily_options
2023-11-10,1.03,cdn.cboe.com/data/us/options/market_statistics/daily/2023-11-10_daily_options
2023-11-14,0.74,cdn.cboe.com/data/us/options/market_statistics/daily/2023-11-14_daily_options
2024-01-08,0.59,cdn.cboe.com/data/us/options/market_statistics/daily/2024-01-08_daily_options
2024-02-22,0.66,cdn.cboe.com/data/us/options/market_statistics/daily/2024-02-22_daily_options
2024-04-19,0.65,cdn.cboe.com/data/us/options/market_statistics/daily/2024-04-19_daily_options
2024-06-05,0.75,cdn.cboe.com/data/us/options/market_statistics/daily/2024-06-05_daily_options
2024-07-11,0.61,cdn.cboe.com/data/us/options/market_statistics/daily/2024-07-11_daily_options
2024-07-17,0.53,cdn.cboe.com/data/us/options/market_statistics/daily/2024-07-17_daily_options
2024-07-23,0.63,cdn.cboe.com/data/us/options/market_statistics/daily/2024-07-23_daily_options
2024-07-24,0.70,cdn.cboe.com/data/us/options/market_statistics/daily/2024-07-24_daily_options
2024-07-25,0.80,cdn.cboe.com/data/us/options/market_statistics/daily/2024-07-25_daily_options
2024-07-31,0.59,cdn.cboe.com/data/us/options/market_statistics/daily/2024-07-31_daily_options
2024-08-01,0.64,cdn.cboe.com/data/us/options/market_statistics/daily/2024-08-01_daily_options
2024-08-02,0.81,cdn.cboe.com/data/us/options/market_statistics/daily/2024-08-02_daily_options
2024-08-05,0.77,cdn.cboe.com/data/us/options/market_statistics/daily/2024-08-05_daily_options
2024-08-08,0.97,cdn.cboe.com/data/us/options/market_statistics/daily/2024-08-08_daily_options
2024-08-13,0.67,cdn.cboe.com/data/us/options/market_statistics/daily/2024-08-13_daily_options
2024-08-14,0.67,cdn.cboe.com/data/us/options/market_statistics/daily/2024-08-14_daily_options
2024-08-15,0.58,cdn.cboe.com/data/us/options/market_statistics/daily/2024-08-15_daily_options
2024-09-03,0.73,cdn.cboe.com/data/us/options/market_statistics/daily/2024-09-03_daily_options
2024-09-06,0.75,cdn.cboe.com/data/us/options/market_statistics/daily/2024-09-06_daily_options
2024-09-11,0.60,cdn.cboe.com/data/us/options/market_statistics/daily/2024-09-11_daily_options
2024-09-19,0.77,cdn.cboe.com/data/us/options/market_statistics/daily/2024-09-19_daily_options
2024-10-31,0.63,cdn.cboe.com/data/us/options/market_statistics/daily/2024-10-31_daily_options
2024-11-05,0.62,cdn.cboe.com/data/us/options/market_statistics/daily/2024-11-05_daily_options
2024-11-06,0.54,cdn.cboe.com/data/us/options/market_statistics/daily/2024-11-06_daily_options
2024-11-07,0.47,cdn.cboe.com/data/us/options/market_statistics/daily/2024-11-07_daily_options
2024-11-15,0.60,cdn.cboe.com/data/us/options/market_statistics/daily/2024-11-15_daily_options
2024-12-18,0.45,cdn.cboe.com/data/us/options/market_statistics/daily/2024-12-18_daily_options
2025-01-15,0.58,cdn.cboe.com/data/us/options/market_statistics/daily/2025-01-15_daily_options
2025-01-27,0.57,cdn.cboe.com/data/us/options/market_statistics/daily/2025-01-27_daily_options
2025-02-21,0.63,cdn.cboe.com/data/us/options/market_statistics/daily/2025-02-21_daily_options
2025-02-27,0.68,cdn.cboe.com/data/us/options/market_statistics/daily/2025-02-27_daily_options
2025-03-03,0.64,cdn.cboe.com/data/us/options/market_statistics/daily/2025-03-03_daily_options
2025-03-06,0.65,cdn.cboe.com/data/us/options/market_statistics/daily/2025-03-06_daily_options
2025-03-07,0.57,cdn.cboe.com/data/us/options/market_statistics/daily/2025-03-07_daily_options
2025-03-10,0.60,cdn.cboe.com/data/us/options/market_statistics/daily/2025-03-10_daily_options
2025-03-14,0.57,cdn.cboe.com/data/us/options/market_statistics/daily/2025-03-14_daily_options
2025-03-24,0.48,cdn.cboe.com/data/us/options/market_statistics/daily/2025-03-24_daily_options
2025-03-28,0.68,cdn.cboe.com/data/us/options/market_statistics/daily/2025-03-28_daily_options
2025-04-02,0.59,cdn.cboe.com/data/us/options/market_statistics/daily/2025-04-02_daily_options
2025-04-03,1.02,cdn.cboe.com/data/us/options/market_statistics/daily/2025-04-03_daily_options
2025-04-04,0.64,cdn.cboe.com/data/us/options/market_statistics/daily/2025-04-04_daily_options
2025-04-07,0.63,cdn.cboe.com/data/us/options/market_statistics/daily/2025-04-07_daily_options
2025-04-08,0.77,cdn.cboe.com/data/us/options/market_statistics/daily/2025-04-08_daily_options
2025-04-09,0.58,cdn.cboe.com/data/us/options/market_statistics/daily/2025-04-09_daily_options
2025-04-10,0.76,cdn.cboe.com/data/us/options/market_statistics/daily/2025-04-10_daily_options
2025-04-11,0.43,cdn.cboe.com/data/us/options/market_statistics/daily/2025-04-11_daily_options
2025-04-16,0.72,cdn.cboe.com/data/us/options/market_statistics/daily/2025-04-16_daily_options
2025-04-17,0.54,cdn.cboe.com/data/us/options/market_statistics/daily/2025-04-17_daily_options
2025-04-21,0.67,cdn.cboe.com/data/us/options/market_statistics/daily/2025-04-21_daily_options
2025-04-22,0.54,cdn.cboe.com/data/us/options/market_statistics/daily/2025-04-22_daily_options
2025-04-23,0.54,cdn.cboe.com/data/us/options/market_statistics/daily/2025-04-23_daily_options
2025-04-24,0.64,cdn.cboe.com/data/us/options/market_statistics/daily/2025-04-24_daily_options
2025-04-25,0.46,cdn.cboe.com/data/us/options/market_statistics/daily/2025-04-25_daily_options
2025-05-08,0.54,cdn.cboe.com/data/us/options/market_statistics/daily/2025-05-08_daily_options
2025-05-09,0.53,cdn.cboe.com/data/us/options/market_statistics/daily/2025-05-09_daily_options
2025-05-12,0.50,cdn.cboe.com/data/us/options/market_statistics/daily/2025-05-12_daily_options
2025-05-13,0.55,cdn.cboe.com/data/us/options/market_statistics/daily/2025-05-13_daily_options
2025-05-14,0.41,cdn.cboe.com/data/us/options/market_statistics/daily/2025-05-14_daily_options
2025-05-27,0.52,cdn.cboe.com/data/us/options/market_statistics/daily/2025-05-27_daily_options
2025-10-10,0.69,cdn.cboe.com/data/us/options/market_statistics/daily/2025-10-10_daily_options
2025-10-13,0.55,cdn.cboe.com/data/us/options/market_statistics/daily/2025-10-13_daily_options
2025-11-04,0.66,cdn.cboe.com/data/us/options/market_statistics/daily/2025-11-04_daily_options
2025-11-10,0.49,cdn.cboe.com/data/us/options/market_statistics/daily/2025-11-10_daily_options
2025-11-13,0.65,cdn.cboe.com/data/us/options/market_statistics/daily/2025-11-13_daily_options
2025-11-20,0.59,cdn.cboe.com/data/us/options/market_statistics/daily/2025-11-20_daily_options
2025-11-24,0.58,cdn.cboe.com/data/us/options/market_statistics/daily/2025-11-24_daily_options
2026-01-20,0.52,cdn.cboe.com/data/us/options/market_statistics/daily/2026-01-20_daily_options
2026-02-06,0.58,cdn.cboe.com/data/us/options/market_statistics/daily/2026-02-06_daily_options
2026-02-12,0.67,cdn.cboe.com/data/us/options/market_statistics/daily/2026-02-12_daily_options
2026-03-26,0.63,cdn.cboe.com/data/us/options/market_statistics/daily/2026-03-26_daily_options
2026-03-27,0.56,cdn.cboe.com/data/us/options/market_statistics/daily/2026-03-27_daily_options
2026-03-30,0.66,cdn.cboe.com/data/us/options/market_statistics/daily/2026-03-30_daily_options
2026-03-31,0.56,cdn.cboe.com/data/us/options/market_statistics/daily/2026-03-31_daily_options
2026-04-08,0.56,cdn.cboe.com/data/us/options/market_statistics/daily/2026-04-08_daily_options
2026-05-06,0.51,cdn.cboe.com/data/us/options/market_statistics/daily/2026-05-06_daily_options
2026-05-08,0.53,cdn.cboe.com/data/us/options/market_statistics/daily/2026-05-08_daily_options
2026-05-21,0.49,cdn.cboe.com/data/us/options/market_statistics/daily/2026-05-21_daily_options
2026-05-22,0.55,cdn.cboe.com/data/us/options/market_statistics/daily/2026-05-22_daily_options
2026-05-26,0.47,cdn.cboe.com/data/us/options/market_statistics/daily/2026-05-26_daily_options
2026-05-27,0.43,cdn.cboe.com/data/us/options/market_statistics/daily/2026-05-27_daily_options
2026-05-28,0.39,cdn.cboe.com/data/us/options/market_statistics/daily/2026-05-28_daily_options
2026-05-29,0.42,cdn.cboe.com/data/us/options/market_statistics/daily/2026-05-29_daily_options
2026-06-01,0.44,cdn.cboe.com/data/us/options/market_statistics/daily/2026-06-01_daily_options
2026-06-02,0.43,cdn.cboe.com/data/us/options/market_statistics/daily/2026-06-02_daily_options
2026-06-03,0.49,cdn.cboe.com/data/us/options/market_statistics/daily/2026-06-03_daily_options
2026-06-04,0.44,cdn.cboe.com/data/us/options/market_statistics/daily/2026-06-04_daily_options
2026-06-05,0.67,cdn.cboe.com/data/us/options/market_statistics/daily/2026-06-05_daily_options
2026-06-08,0.52,cdn.cboe.com/data/us/options/market_statistics/daily/2026-06-08_daily_options
2026-06-09,0.62,cdn.cboe.com/data/us/options/market_statistics/daily/2026-06-09_daily_options
2026-06-10,0.66,cdn.cboe.com/data/us/options/market_statistics/daily/2026-06-10_daily_options
2026-06-11,0.56,cdn.cboe.com/data/us/options/market_statistics/daily/2026-06-11_daily_options
2026-06-12,0.54,cdn.cboe.com/data/us/options/market_statistics/daily/2026-06-12_daily_options
2026-06-15,0.54,cdn.cboe.com/data/us/options/market_statistics/daily/2026-06-15_daily_options
2026-06-16,0.59,cdn.cboe.com/data/us/options/market_statistics/daily/2026-06-16_daily_options
2026-06-17,0.59,cdn.cboe.com/data/us/options/market_statistics/daily/2026-06-17_daily_options
2026-06-18,0.58,cdn.cboe.com/data/us/options/market_statistics/daily/2026-06-18_daily_options
2026-06-22,0.60,cdn.cboe.com/data/us/options/market_statistics/daily/2026-06-22_daily_options
2026-06-23,0.56,cdn.cboe.com/data/us/options/market_statistics/daily/2026-06-23_daily_options
2026-06-24,0.61,cdn.cboe.com/data/us/options/market_statistics/daily/2026-06-24_daily_options
2026-06-25,0.67,cdn.cboe.com/data/us/options/market_statistics/daily/2026-06-25_daily_options
2026-06-26,0.85,cdn.cboe.com/data/us/options/market_statistics/daily/2026-06-26_daily_options
2026-06-29,0.59,cdn.cboe.com/data/us/options/market_statistics/daily/2026-06-29_daily_options
2026-06-30,0.64,cdn.cboe.com/data/us/options/market_statistics/daily/2026-06-30_daily_options
2026-07-01,0.69,cdn.cboe.com/data/us/options/market_statistics/daily/2026-07-01_daily_options
2026-07-02,0.53,cdn.cboe.com/data/us/options/market_statistics/daily/2026-07-02_daily_options
2026-07-06,0.62,cdn.cboe.com/data/us/options/market_statistics/daily/2026-07-06_daily_options
2026-07-07,0.69,cdn.cboe.com/data/us/options/market_statistics/daily/2026-07-07_daily_options
2026-07-08,0.86,cdn.cboe.com/data/us/options/market_statistics/daily/2026-07-08_daily_options
2026-07-09,0.57,cdn.cboe.com/data/us/options/market_statistics/daily/2026-07-09_daily_options
2026-07-10,0.55,cdn.cboe.com/data/us/options/market_statistics/daily/2026-07-10_daily_options
2026-07-13,0.67,cdn.cboe.com/data/us/options/market_statistics/daily/2026-07-13_daily_options
2026-07-14,0.62,cdn.cboe.com/data/us/options/market_statistics/daily/2026-07-14_daily_options
2026-07-15,0.69,cdn.cboe.com/data/us/options/market_statistics/daily/2026-07-15_daily_options
2026-07-16,0.67,cdn.cboe.com/data/us/options/market_statistics/daily/2026-07-16_daily_options
2026-07-17,0.73,cdn.cboe.com/data/us/options/market_statistics/daily/2026-07-17_daily_options
2026-07-20,0.66,cdn.cboe.com/data/us/options/market_statistics/daily/2026-07-20_daily_options
2026-07-21,0.65,cdn.cboe.com/data/us/options/market_statistics/daily/2026-07-21_daily_options
2026-07-22,0.67,cdn.cboe.com/data/us/options/market_statistics/daily/2026-07-22_daily_options
2026-07-23,0.61,cdn.cboe.com/data/us/options/market_statistics/daily/2026-07-23_daily_options
2026-07-24,0.79,cdn.cboe.com/data/us/options/market_statistics/daily/2026-07-24_daily_options
2026-07-27,0.66,cdn.cboe.com
2026-07-28,0.71,cdn.cboe.com
2026-07-29,0.61,cdn.cboe.com
2026-07-30,0.61,cdn.cboe.com
2026-07-31,0.63,cdn.cboe.com
2026-08-03,0.55,cdn.cboe.com
2026-08-04,0.46,cdn.cboe.com
2026-08-05,0.60,cdn.cboe.com
2026-08-06,0.57,cdn.cboe.com
2026-08-07,0.54,cdn.cboe.com
2026-08-10,0.61,cdn.cboe.com
2026-08-11,0.63,cdn.cboe.com
2026-08-12,0.61,cdn.cboe.com
2026-08-13,0.59,cdn.cboe.com
2026-08-14,0.52,cdn.cboe.com
2026-08-17,0.65,cdn.cboe.com
