date,short_vol,total_vol,svr
2020-01-02,17554725,35375474,0.4962
2020-01-03,17405047,37255613,0.4672
2020-01-06,13351748,34952833,0.382
2020-01-07,17144091,38655789,0.4435
2020-01-08,19077635,46822634,0.4074
2020-01-09,21179953,47774766,0.4433
2020-01-10,19262186,39049272,0.4933
2020-01-13,21572235,42992230,0.5018
2020-01-14,24930619,46262222,0.5389
2020-01-15,17365488,34477632,0.5037
2020-01-16,19782175,35764286,0.5531
2020-01-17,17826703,33810958,0.5272
2020-01-21,15955112,33094957,0.4821
2020-01-22,19263792,39825551,0.4837
2020-01-23,13445747,28684385,0.4687
2020-01-24,21169949,41369849,0.5117
2020-01-27,18118010,41806610,0.4334
2020-01-28,19446431,38743306,0.5019
2020-01-29,27083212,56831363,0.4766
2020-01-30,35495304,73058365,0.4858
2020-01-31,27118316,62566774,0.4334
2020-02-03,30887655,62340086,0.4955
2020-02-04,32054206,65266682,0.4911
2020-02-05,26615626,53822710,0.4945
2020-02-06,24502479,46285304,0.5294
2020-02-07,22261374,41475791,0.5367
2020-02-10,22461892,49163043,0.4569
2020-02-11,27454493,57680851,0.476
2020-02-12,18177791,45617379,0.3985
2020-02-13,21224503,48151999,0.4408
2020-02-14,19273300,40958056,0.4706
2020-02-18,19956705,47685421,0.4185
2020-02-19,20304214,43332845,0.4686
2020-02-20,22169635,49391456,0.4489
2020-02-21,21986730,53120539,0.4139
2020-02-24,22451677,72036640,0.3117
2020-02-25,27082140,76531295,0.3539
2020-02-26,24210381,64898860,0.373
2020-02-27,30120465,91734018,0.3283
2020-02-28,32763761,99256081,0.3301
2020-03-02,43488302,86641303,0.5019
2020-03-03,39719585,83281354,0.4769
2020-03-04,27203537,60003055,0.4534
2020-03-05,25146492,50490972,0.498
2020-03-06,26378137,64790407,0.4071
2020-03-09,30405162,71186198,0.4271
2020-03-10,28871130,69885049,0.4131
2020-03-11,28170355,62458334,0.451
2020-03-12,30063307,95584928,0.3145
2020-03-13,28842678,86791086,0.3323
2020-03-16,26914661,89149694,0.3019
2020-03-17,31142405,98024735,0.3177
2020-03-18,31586301,93828010,0.3366
2020-03-19,34327590,93169437,0.3684
2020-03-20,36870214,89490914,0.412
2020-03-23,33514173,94758056,0.3537
2020-03-24,41028588,98483040,0.4166
2020-03-25,47277959,93817535,0.5039
2020-03-26,39749321,76593893,0.519
2020-03-27,36786851,68009252,0.5409
2020-03-30,34676109,68519353,0.5061
2020-03-31,40129306,79463606,0.505
2020-04-01,36096711,65013614,0.5552
2020-04-02,33630481,63428725,0.5302
2020-04-03,34184478,62365572,0.5481
2020-04-06,30864690,67899300,0.4546
2020-04-07,45459329,82065305,0.5539
2020-04-08,34134398,58830952,0.5802
2020-04-09,32731818,58882785,0.5559
2020-04-13,33716967,61324803,0.5498
2020-04-14,42410928,74532039,0.569
2020-04-15,32310502,57162660,0.5652
2020-04-16,40067878,69812447,0.5739
2020-04-17,33953195,62863005,0.5401
2020-04-20,21477565,51556205,0.4166
2020-04-21,31369049,71916261,0.4362
2020-04-22,23753768,55426662,0.4286
2020-04-23,20904959,48571132,0.4304
2020-04-24,22802155,54935887,0.4151
2020-04-27,26128283,59882484,0.4363
2020-04-28,21236288,50425013,0.4211
2020-04-29,25397949,63425220,0.4004
2020-04-30,33183691,80068233,0.4144
2020-05-01,37623157,85687403,0.4391
2020-05-04,22473295,52112573,0.4312
2020-05-05,24993692,57586644,0.434
2020-05-06,23639801,52306093,0.452
2020-05-07,18413560,41045952,0.4486
2020-05-08,18832593,46403975,0.4058
2020-05-11,22292596,51626205,0.4318
2020-05-12,23247737,52494130,0.4429
2020-05-13,27936181,68438793,0.4082
2020-05-14,24807659,54390877,0.4561
2020-05-15,28143486,58844080,0.4783
2020-05-18,23466222,52136260,0.4501
2020-05-19,26625087,53383063,0.4988
2020-05-20,29073219,61770308,0.4707
2020-05-21,34888523,63733162,0.5474
2020-05-22,29903578,53487698,0.5591
2020-05-26,30337145,54285454,0.5588
2020-05-27,30398324,62487336,0.4865
2020-05-28,26578783,51822027,0.5129
2020-05-29,23475132,46826452,0.5013
2020-06-01,17229373,38440017,0.4482
2020-06-02,19308105,40779779,0.4735
2020-06-03,16398732,36229036,0.4526
2020-06-04,19742359,38339191,0.5149
2020-06-05,19624784,40907633,0.4797
2020-06-08,18685150,39576009,0.4721
2020-06-09,27325997,53109856,0.5145
2020-06-10,32575565,61420646,0.5304
2020-06-11,34151362,67821239,0.5035
2020-06-12,30908304,59478771,0.5197
2020-06-15,23464892,45556191,0.5151
2020-06-16,24983260,50761434,0.4922
2020-06-17,22351644,42668857,0.5238
2020-06-18,17042429,33231819,0.5128
2020-06-19,28359142,52532121,0.5398
2020-06-22,20814008,45023583,0.4623
2020-06-23,32936476,60263229,0.5465
2020-06-24,31555441,59670289,0.5288
2020-06-25,19833468,43483994,0.4561
2020-06-26,38592219,80560705,0.479
2020-06-29,32073588,63231531,0.5072
2020-06-30,25457889,54033641,0.4711
2020-07-01,24274343,53653421,0.4524
2020-07-02,24366331,49951592,0.4878
2020-07-06,23931436,51125477,0.4681
2020-07-07,26914162,54042374,0.498
2020-07-08,29639288,55087926,0.538
2020-07-09,26633892,52733896,0.5051
2020-07-10,22695522,48304097,0.4698
2020-07-13,34570270,74562549,0.4636
2020-07-14,26373247,61606969,0.4281
2020-07-15,25125735,53834533,0.4667
2020-07-16,21038413,45460255,0.4628
2020-07-17,16706694,38185658,0.4375
2020-07-20,19417861,48583037,0.3997
2020-07-21,19353684,48727374,0.3972
2020-07-22,19899362,51281760,0.388
2020-07-23,31212135,79769219,0.3913
2020-07-24,23734197,65601597,0.3618
2020-07-27,18134773,44429508,0.4082
2020-07-28,15597642,43056947,0.3623
2020-07-29,13511465,33974781,0.3977
2020-07-30,16268072,41173073,0.3951
2020-07-31,43382331,100049448,0.4336
2020-08-03,47533043,98400396,0.4831
2020-08-04,29227054,62604352,0.4669
2020-08-05,19579901,41399702,0.4729
2020-08-06,33958312,71662780,0.4739
2020-08-07,36447085,87621404,0.416
2020-08-10,27626742,69649584,0.3967
2020-08-11,21806930,60548499,0.3602
2020-08-12,24332728,61341016,0.3967
2020-08-13,26995546,64358378,0.4195
2020-08-14,20879566,49832547,0.419
2020-08-17,16934961,44101728,0.384
2020-08-18,16689251,44790705,0.3726
2020-08-19,21009617,53223725,0.3947
2020-08-20,23688269,57846985,0.4095
2020-08-21,35843870,87795828,0.4083
2020-08-24,35330514,83640109,0.4224
2020-08-25,25661417,67577761,0.3797
2020-08-26,31597342,81851661,0.386
2020-08-27,32119746,76471173,0.42
2020-08-28,23497532,54730315,0.4293
2020-08-31,68835994,178826489,0.3849
2020-09-01,51885284,138642579,0.3742
2020-09-02,60324550,181220575,0.3329
2020-09-03,63674308,208521342,0.3054
2020-09-04,85634801,262675363,0.326
2020-09-08,71047675,194445581,0.3654
2020-09-09,62532844,161134376,0.3881
2020-09-10,69188820,176578618,0.3918
2020-09-11,66164475,164925510,0.4012
2020-09-14,64882067,159639036,0.4064
2020-09-15,76654232,189167414,0.4052
2020-09-16,62469308,155431266,0.4019
2020-09-17,72430324,172689187,0.4194
2020-09-18,74986703,185399265,0.4045
2020-09-21,80214573,201611869,0.3979
2020-09-22,73074382,179008331,0.4082
2020-09-23,65968325,157527419,0.4188
2020-09-24,73709918,178263758,0.4135
2020-09-25,61676167,146291711,0.4216
2020-09-28,49936674,125934941,0.3965
2020-09-29,44151304,112329962,0.3931
2020-09-30,49498457,125283701,0.3951
2020-10-01,53834278,108083648,0.4981
2020-10-02,65021138,127594488,0.5096
2020-10-05,36437686,97199842,0.3749
2020-10-06,65672244,139878293,0.4695
2020-10-07,36714861,95294669,0.3853
2020-10-08,32804154,82973392,0.3954
2020-10-09,29088900,78339912,0.3713
2020-10-12,66030242,174890154,0.3776
2020-10-13,75861599,186365339,0.4071
2020-10-14,52224564,128415822,0.4067
2020-10-15,39138888,94527203,0.414
2020-10-16,35407130,91172405,0.3884
2020-10-19,39129650,100534785,0.3892
2020-10-20,42880881,105008797,0.4084
2020-10-21,32129335,80964811,0.3968
2020-10-22,36469250,89760771,0.4063
2020-10-23,30670732,74169662,0.4135
2020-10-26,37053928,94485439,0.3922
2020-10-27,32228098,80885855,0.3984
2020-10-28,42061422,113179506,0.3716
2020-10-29,39766417,97751349,0.4068
2020-10-30,62571995,144446356,0.4332
2020-11-02,42303305,101629301,0.4163
2020-11-03,35962878,88398523,0.4068
2020-11-04,36548277,105227536,0.3473
2020-11-05,39879116,96381274,0.4138
2020-11-06,30974712,82099028,0.3773
2020-11-09,38006525,99180877,0.3832
2020-11-10,44997109,109264194,0.4118
2020-11-11,33509303,89246632,0.3755
2020-11-12,43196898,76641056,0.5636
2020-11-13,31660225,59808587,0.5294
2020-11-16,24189532,62928252,0.3844
2020-11-17,43023486,82653543,0.5205
2020-11-18,47979979,91576116,0.5239
2020-11-19,45329971,85548710,0.5299
2020-11-20,35156495,64136406,0.5482
2020-11-23,41969557,105027623,0.3996
2020-11-24,41175295,102423768,0.402
2020-11-25,32678933,74475883,0.4388
2020-11-27,22736644,51029371,0.4456
2020-11-30,47510295,112911442,0.4208
2020-12-01,40856720,100023495,0.4085
2020-12-02,36480059,83053043,0.4392
2020-12-03,29868198,69939429,0.4271
2020-12-04,26838735,62376493,0.4303
2020-12-07,35581179,80965329,0.4395
2020-12-08,35521509,78354491,0.4533
2020-12-09,51832443,105471086,0.4914
2020-12-10,40826501,89471083,0.4563
2020-12-11,39288019,81287431,0.4833
2020-12-14,34109098,78686731,0.4335
2020-12-15,54258745,111150837,0.4882
2020-12-16,42773909,87300649,0.49
2020-12-17,42318622,87761537,0.4822
2020-12-18,61034039,110722883,0.5512
2020-12-21,50908988,100582674,0.5061
2020-12-22,72687999,135060440,0.5382
2020-12-23,40259768,74331801,0.5416
2020-12-24,27738393,52979258,0.5236
2020-12-28,40427663,102809931,0.3932
2020-12-29,37680620,94071925,0.4006
2020-12-30,37952051,86574330,0.4384
2020-12-31,39329643,89737121,0.4383
2021-01-04,58290901,112976860,0.516
2021-01-05,40856337,77043343,0.5303
2021-01-06,64422736,120956377,0.5326
2021-01-07,51260028,96219879,0.5327
2021-01-08,56577233,103274976,0.5478
2021-01-11,49897867,96605136,0.5165
2021-01-12,49450060,93553508,0.5286
2021-01-13,38191230,74413171,0.5132
2021-01-14,40889773,79343311,0.5154
2021-01-15,40921216,84450587,0.4846
2021-01-19,28220416,78108939,0.3613
2021-01-20,32454593,86003826,0.3774
2021-01-21,36484934,90744497,0.4021
2021-01-22,34426474,88873322,0.3874
2021-01-25,48265529,123199894,0.3918
2021-01-26,33651380,85609519,0.3931
2021-01-27,30652649,101200886,0.3029
2021-01-28,36111326,98214409,0.3677
2021-01-29,43780978,120145361,0.3644
2021-02-01,30438257,78349045,0.3885
2021-02-02,20458919,61183078,0.3344
2021-02-03,21632382,64925551,0.3332
2021-02-04,19237806,58621470,0.3282
2021-02-05,19022914,53973699,0.3524
2021-02-08,18783260,53927588,0.3483
2021-02-09,19370412,65198712,0.2971
2021-02-10,29117165,61920333,0.4702
2021-02-11,23586916,49521796,0.4763
2021-02-12,24776957,46926565,0.528
2021-02-16,22587961,57651978,0.3918
2021-02-17,25571395,71318489,0.3586
2021-02-18,29610131,63404430,0.467
2021-02-19,30497495,63614566,0.4794
2021-02-22,28889226,78861631,0.3663
2021-02-23,42388687,117168535,0.3618
2021-02-24,30729876,80659071,0.381
2021-02-25,40998614,98110045,0.4179
2021-02-26,37397839,91665934,0.408
2021-03-01,29958546,74597505,0.4016
2021-03-02,25497938,64502126,0.3953
2021-03-03,29798035,70798090,0.4209
2021-03-04,48862136,121080611,0.4036
2021-03-05,54815668,122297270,0.4482
2021-03-08,38510700,102704803,0.375
2021-03-09,43775009,100144911,0.4371
2021-03-10,40911325,88547911,0.462
2021-03-11,32283278,76987687,0.4193
2021-03-12,30422277,65731104,0.4628
2021-03-15,26826983,66959486,0.4006
2021-03-16,35468517,90115080,0.3936
2021-03-17,35352897,82336095,0.4294
2021-03-18,36342810,80422578,0.4519
2021-03-19,40728664,94958386,0.4289
2021-03-22,34364194,82517564,0.4164
2021-03-23,33776837,80395524,0.4201
2021-03-24,29769596,70776875,0.4206
2021-03-25,35233312,78943455,0.4463
2021-03-26,29452240,68715903,0.4286
2021-03-29,23620873,61007015,0.3872
2021-03-30,28899481,70050901,0.4125
2021-03-31,31817212,79105103,0.4022
2021-04-01,25171719,69434508,0.3625
2021-04-05,33984769,88493031,0.384
2021-04-06,27730723,68703274,0.4036
2021-04-07,32004830,75224221,0.4255
2021-04-08,32959931,73448429,0.4487
2021-04-09,33958387,75528331,0.4496
2021-04-12,30254786,76448916,0.3958
2021-04-13,35993242,87604205,0.4109
2021-04-14,33402521,80382209,0.4155
2021-04-15,31338522,72399298,0.4329
2021-04-16,28032376,64881485,0.4321
2021-04-19,29389744,74746472,0.3932
2021-04-20,32982077,80860726,0.4079
2021-04-21,26415251,61294679,0.431
2021-04-22,31465864,74452677,0.4226
2021-04-23,24410620,61301166,0.3982
2021-04-26,23690575,58042323,0.4082
2021-04-27,25398096,59829374,0.4245
2021-04-28,34252384,80401761,0.426
2021-04-29,53119508,129924378,0.4088
2021-04-30,34582583,91458647,0.3781
2021-05-03,28363022,63505036,0.4466
2021-05-04,37872225,92832824,0.408
2021-05-05,26740096,65197142,0.4101
2021-05-06,27899004,64325964,0.4337
2021-05-07,26222209,54484099,0.4813
2021-05-10,29878426,68824045,0.4341
2021-05-11,31343090,101270479,0.3095
2021-05-12,34704728,83136641,0.4174
2021-05-13,33270014,85524446,0.389
2021-05-14,30055944,63863888,0.4706
2021-05-17,25610649,59402977,0.4311
2021-05-18,22893786,57964665,0.395
2021-05-19,29429720,71447612,0.4119
2021-05-20,27376924,63184560,0.4333
2021-05-21,28963050,65401240,0.4429
2021-05-24,22036637,59579350,0.3699
2021-05-25,37017606,71819767,0.5154
2021-05-26,19687987,50008709,0.3937
2021-05-27,22904436,54920096,0.4171
2021-05-28,20797764,54697350,0.3802
2021-06-01,23142446,56186591,0.4119
2021-06-02,22738606,53840135,0.4223
2021-06-03,28429754,70159502,0.4052
2021-06-04,30200035,62760463,0.4812
2021-06-07,30105775,62842016,0.4791
2021-06-08,30708803,64723769,0.4745
2021-06-09,24457540,48609904,0.5031
2021-06-10,24871966,58006364,0.4288
2021-06-11,18942899,45882229,0.4129
2021-06-14,24954091,56843392,0.439
2021-06-15,24168304,48289234,0.5005
2021-06-16,34790313,69303591,0.502
2021-06-17,37304623,74463901,0.501
2021-06-18,34735156,66578178,0.5217
2021-06-21,25762829,62188362,0.4143
2021-06-22,25395327,63737668,0.3984
2021-06-23,24559483,59495767,0.4128
2021-06-24,27564689,68800287,0.4006
2021-06-25,21054101,53896129,0.3906
2021-06-28,22008823,58127711,0.3786
2021-06-29,21366481,54462820,0.3923
2021-06-30,19665739,48162631,0.4083
2021-07-01,22328325,48329392,0.462
2021-07-02,26276826,61856827,0.4248
2021-07-06,36566636,84083491,0.4349
2021-07-07,44202240,80382522,0.5499
2021-07-08,39834356,78636675,0.5066
2021-07-09,37035491,71166023,0.5204
2021-07-12,33194961,61504548,0.5397
2021-07-13,41325615,79965871,0.5168
2021-07-14,52826560,93078175,0.5676
2021-07-15,43953142,82179508,0.5348
2021-07-16,39247743,74868017,0.5242
2021-07-19,31310668,83304328,0.3759
2021-07-20,34101899,75113470,0.454
2021-07-21,27607968,66250184,0.4167
2021-07-22,32510692,78070608,0.4164
2021-07-23,29497228,75308409,0.3917
2021-07-26,23043977,66452333,0.3468
2021-07-27,32828543,84184502,0.39
2021-07-28,43698123,92368192,0.4731
2021-07-29,25895139,65303763,0.3965
2021-07-30,26038373,61654271,0.4223
2021-08-02,22103770,61989769,0.3566
2021-08-03,25640973,64680324,0.3964
2021-08-04,18285691,49783209,0.3673
2021-08-05,17252554,43353412,0.398
2021-08-06,17334893,42440283,0.4085
2021-08-09,15456439,39431122,0.392
2021-08-10,17586351,53234116,0.3304
2021-08-11,16705091,39481727,0.4231
2021-08-12,20628855,52705919,0.3914
2021-08-13,18028012,56751204,0.3177
2021-08-16,31723350,77333549,0.4102
2021-08-17,29874190,71866346,0.4157
2021-08-18,28448988,68318653,0.4164
2021-08-19,42645778,101961677,0.4183
2021-08-20,38906045,87991395,0.4422
2021-08-23,32303812,78912600,0.4094
2021-08-24,19978360,54992295,0.3633
2021-08-25,22396154,63589082,0.3522
2021-08-26,18073068,49440646,0.3656
2021-08-27,19362015,58474439,0.3311
2021-08-30,25612866,73288882,0.3495
2021-08-31,22407545,59352474,0.3775
2021-09-01,25467083,62490066,0.4075
2021-09-02,23557197,57577563,0.4091
2021-09-03,19874287,51901729,0.3829
2021-09-07,25734007,64573295,0.3985
2021-09-08,26600049,63414916,0.4195
2021-09-09,21347948,51730391,0.4127
2021-09-10,37317386,89966259,0.4148
2021-09-13,32566172,76140447,0.4277
2021-09-14,32487391,78867260,0.4119
2021-09-15,27072479,66934934,0.4045
2021-09-16,19115344,50550425,0.3781
2021-09-17,32206940,69957682,0.4604
2021-09-20,34040827,90964361,0.3742
2021-09-21,26068604,64339047,0.4052
2021-09-22,27705382,74843319,0.3702
2021-09-23,21393700,56806487,0.3766
2021-09-24,21355602,51462935,0.415
2021-09-27,28192683,67308930,0.4189
2021-09-28,36907443,89428978,0.4127
2021-09-29,25271284,63026463,0.401
2021-09-30,26423696,66932558,0.3948
2021-10-01,27953707,71524156,0.3908
2021-10-04,39047853,99984539,0.3905
2021-10-05,32538307,81260996,0.4004
2021-10-06,34685141,77981651,0.4448
2021-10-07,24651209,62699937,0.3932
2021-10-08,19449519,47725274,0.4075
2021-10-11,24446437,57033753,0.4286
2021-10-12,27605828,65727061,0.42
2021-10-13,24429298,56695134,0.4309
2021-10-14,22803141,54577725,0.4178
2021-10-15,25960390,63951531,0.4059
2021-10-18,27411231,69108801,0.3966
2021-10-19,25013646,63984824,0.3909
2021-10-20,19852348,49777920,0.3988
2021-10-21,23424664,62219026,0.3765
2021-10-22,26405492,64229414,0.4111
2021-10-25,31627341,79363656,0.3985
2021-10-26,48603936,119936697,0.4052
2021-10-27,39485934,86963977,0.454
2021-10-28,40974798,94235225,0.4348
2021-10-29,49892240,112283584,0.4443
2021-11-01,43040534,92013548,0.4678
2021-11-02,40995885,86800047,0.4723
2021-11-03,32595467,66653971,0.489
2021-11-04,59082188,119824171,0.4931
2021-11-05,50771337,105443450,0.4815
2021-11-08,34105000,81216061,0.4199
2021-11-09,46629099,98120557,0.4752
2021-11-10,43467352,97767012,0.4446
2021-11-11,27124026,56371923,0.4812
2021-11-12,37463326,84356566,0.4441
2021-11-15,37286392,81031846,0.4601
2021-11-16,25536163,66836570,0.3821
2021-11-17,34788250,87785956,0.3963
2021-11-18,49326262,126419748,0.3902
2021-11-19,49189352,108893215,0.4517
2021-11-22,58604274,132504049,0.4423
2021-11-23,43837527,105544919,0.4153
2021-11-24,34487966,78561328,0.439
2021-11-26,29016450,62649124,0.4632
2021-11-29,38174474,85607208,0.4459
2021-11-30,59148597,126253789,0.4685
2021-12-01,66312334,126772904,0.5231
2021-12-02,55966209,113699147,0.4922
2021-12-03,53821295,111777125,0.4815
2021-12-06,55683600,107968484,0.5157
2021-12-07,51756577,105873135,0.4889
2021-12-08,51677616,101621884,0.5085
2021-12-09,56717516,101763313,0.5573
2021-12-10,55812302,104514151,0.534
2021-12-13,72651600,130987565,0.5546
2021-12-14,64005732,123998844,0.5162
2021-12-15,66876113,126460372,0.5288
2021-12-16,67006295,128323993,0.5222
2021-12-17,56728444,116502066,0.4869
2021-12-20,39976840,92862202,0.4305
2021-12-21,46814854,94093507,0.4975
2021-12-22,42207349,90543789,0.4662
2021-12-23,36262739,74742823,0.4852
2021-12-27,35085368,82869188,0.4234
2021-12-28,35110461,83708098,0.4194
2021-12-29,28672048,68540032,0.4183
2021-12-30,23455608,63489283,0.3694
2021-12-31,25066026,57625680,0.435
2022-01-03,41930699,90397506,0.4638
2022-01-04,46123881,95568227,0.4826
2022-01-05,38868801,92175103,0.4217
2022-01-06,37705480,95463442,0.395
2022-01-07,35973554,82296564,0.4371
2022-01-10,42953800,107878649,0.3982
2022-01-11,35474356,80735239,0.4394
2022-01-12,36555150,81178108,0.4503
2022-01-13,43159194,96587053,0.4468
2022-01-14,38444247,84744675,0.4536
2022-01-18,38700638,82063763,0.4716
2022-01-19,43229786,96978159,0.4458
2022-01-20,36913579,88254953,0.4183
2022-01-21,48064055,120795603,0.3979
2022-01-24,54360088,169300382,0.3211
2022-01-25,54879989,117739979,0.4661
2022-01-26,73145705,132663767,0.5514
2022-01-27,63393421,120990423,0.524
2022-01-28,70305946,147262168,0.4774
2022-01-31,59248227,110162800,0.5378
2022-02-01,48461615,89312297,0.5426
2022-02-02,49407045,94495301,0.5229
2022-02-03,72809394,156078102,0.4665
2022-02-04,53352648,111099072,0.4802
2022-02-07,59655505,120351571,0.4957
2022-02-08,58294596,116875034,0.4988
2022-02-09,62000740,116197488,0.5336
2022-02-10,58435015,101796413,0.574
2022-02-11,59616828,108367867,0.5501
2022-02-14,45265590,86133973,0.5255
2022-02-15,50603280,97861041,0.5171
2022-02-16,55448139,98787479,0.5613
2022-02-17,55649430,103301975,0.5387
2022-02-18,58127247,108294986,0.5367
2022-02-22,39668723,105437014,0.3762
2022-02-23,47118143,105514272,0.4466
2022-02-24,54243295,140408787,0.3863
2022-02-25,46649177,96147453,0.4852
2022-02-28,46866456,89473530,0.5238
2022-03-01,40895612,83414519,0.4903
2022-03-02,40066014,80623229,0.497
2022-03-03,38839484,77759360,0.4995
2022-03-04,44884313,88624661,0.5065
2022-03-07,36908474,96799324,0.3813
2022-03-08,46310035,119756549,0.3867
2022-03-09,43143639,91979933,0.4691
2022-03-10,45111127,89897927,0.5018
2022-03-11,45189756,85942779,0.5258
2022-03-14,43987391,93821114,0.4688
2022-03-15,45169590,93699567,0.4821
2022-03-16,59032085,114152581,0.5171
2022-03-17,44610003,83354556,0.5352
2022-03-18,61269117,104468116,0.5865
2022-03-21,54576535,102885527,0.5305
2022-03-22,55073873,104863780,0.5252
2022-03-23,58707307,106189800,0.5529
2022-03-24,60004090,120785721,0.4968
2022-03-25,58136407,105486520,0.5511
2022-03-28,55125115,100080939,0.5508
2022-03-29,51475152,98643381,0.5218
2022-03-30,52389774,91934466,0.5699
2022-03-31,43480025,83616709,0.52
2022-04-01,38533668,84662576,0.4551
2022-04-04,39941710,85885624,0.4651
2022-04-05,41918236,85487157,0.4903
2022-04-06,45480069,112516023,0.4042
2022-04-07,41697942,92487591,0.4508
2022-04-08,38389599,87042996,0.441
2022-04-11,33505691,86214923,0.3886
2022-04-12,43020736,96070109,0.4478
2022-04-13,37009207,81974115,0.4515
2022-04-14,36595170,80619087,0.4539
2022-04-18,36810362,80908948,0.455
2022-04-19,36365226,77904350,0.4668
2022-04-20,41916657,85788544,0.4886
2022-04-21,47486894,112700233,0.4214
2022-04-22,43584247,100161327,0.4351
2022-04-25,47382460,106764849,0.4438
2022-04-26,57489915,117685286,0.4885
2022-04-27,51723727,123021676,0.4204
2022-04-28,77244593,155875050,0.4956
2022-04-29,61923531,126658275,0.4889
2022-05-02,61765270,130267296,0.4741
2022-05-03,54397489,114278359,0.476
2022-05-04,58683169,124572832,0.4711
2022-05-05,62358484,128865626,0.4839
2022-05-06,50150874,117442740,0.427
2022-05-09,47761412,131754816,0.3625
2022-05-10,49090434,127473502,0.3851
2022-05-11,51633775,131014548,0.3941
2022-05-12,56597295,164880645,0.3433
2022-05-13,50485975,124605165,0.4052
2022-05-16,56714084,112464760,0.5043
2022-05-17,51031565,105511236,0.4837
2022-05-18,54516138,113284954,0.4812
2022-05-19,55791558,138529400,0.4027
2022-05-20,72116931,153308336,0.4704
2022-05-23,66517146,133327750,0.4989
2022-05-24,77152854,139775661,0.552
2022-05-25,66592493,124119015,0.5365
2022-05-26,74927428,135215778,0.5541
2022-05-27,66908188,111973307,0.5975
2022-05-31,58929539,107801500,0.5466
2022-06-01,59134458,108074534,0.5472
2022-06-02,61236612,119569778,0.5121
2022-06-03,60563426,106248181,0.57
2022-06-06,96213499,168256616,0.5718
2022-06-07,69309917,123318769,0.562
2022-06-08,59577796,105864976,0.5628
2022-06-09,64751924,116714881,0.5548
2022-06-10,71562822,132041238,0.542
2022-06-13,70945058,170193930,0.4168
2022-06-14,55959389,135438565,0.4132
2022-06-15,69900383,152168763,0.4594
2022-06-16,69469124,143912629,0.4827
2022-06-17,49241744,122091960,0.4033
2022-06-21,62777271,142231692,0.4414
2022-06-22,67033821,132101438,0.5074
2022-06-23,69230952,133168996,0.5199
2022-06-24,59336038,122885850,0.4829
2022-06-27,67493243,117637725,0.5737
2022-06-28,69258932,120459120,0.575
2022-06-29,71490365,123228617,0.5801
2022-06-30,95446804,155377201,0.6143
2022-07-01,76577186,128548303,0.5957
2022-07-05,81978890,138039945,0.5939
2022-07-06,74809595,132047620,0.5665
2022-07-07,63943048,114742440,0.5573
2022-07-08,67945157,117003835,0.5807
2022-07-11,63509884,110489791,0.5748
2022-07-12,65119073,120783198,0.5391
2022-07-13,66647796,121592362,0.5481
2022-07-14,68234517,119236094,0.5723
2022-07-15,58980973,116120340,0.5079
2022-07-18,68389752,154879929,0.4416
2022-07-19,70674273,150299772,0.4702
2022-07-20,80179676,157730851,0.5083
2022-07-21,72930847,140049616,0.5208
2022-07-22,78228903,147285367,0.5311
2022-07-25,59785356,117351328,0.5095
2022-07-26,60460922,123188473,0.4908
2022-07-27,81344785,160339160,0.5073
2022-07-28,86054162,165615050,0.5196
2022-07-29,98835955,194604333,0.5079
2022-08-01,83312447,154479653,0.5393
2022-08-02,63971883,132249229,0.4837
2022-08-03,66347189,135476823,0.4897
2022-08-04,60754785,120850796,0.5027
2022-08-05,48650850,113141029,0.43
2022-08-08,70171690,157338147,0.446
2022-08-09,55306834,118682185,0.466
2022-08-10,56816214,129670306,0.4382
2022-08-11,54662522,111840454,0.4888
2022-08-12,54921290,114061570,0.4815
2022-08-15,60198688,105564648,0.5703
2022-08-16,63963098,117600851,0.5439
2022-08-17,57446584,119276497,0.4816
2022-08-18,45314423,98900864,0.4582
2022-08-19,46830133,103462626,0.4526
2022-08-22,45369297,100101371,0.4532
2022-08-23,41465716,90436795,0.4585
2022-08-24,43581894,98229361,0.4437
2022-08-25,57605022,127724934,0.451
2022-08-26,67296505,146211636,0.4603
2022-08-29,57095598,122742568,0.4652
2022-08-30,63055128,134511228,0.4688
2022-08-31,61306021,133238077,0.4601
2022-09-01,72441510,181307376,0.3996
2022-09-02,66767026,148990133,0.4481
2022-09-06,54034055,128818144,0.4195
2022-09-07,55770650,131296600,0.4248
2022-09-08,62424853,147538570,0.4231
2022-09-09,54398986,127755260,0.4258
2022-09-12,69785893,146484477,0.4764
2022-09-13,89697348,173547781,0.5168
2022-09-14,83378354,161937376,0.5149
2022-09-15,74393675,159766151,0.4656
2022-09-16,66089662,172330460,0.3835
2022-09-19,56467241,146664209,0.385
2022-09-20,63888046,171908076,0.3716
2022-09-21,79248086,188912941,0.4195
2022-09-22,76838278,185077585,0.4152
2022-09-23,63472562,185945432,0.3414
2022-09-26,53643292,158408723,0.3386
2022-09-27,60677473,160111280,0.379
2022-09-28,80068708,186607186,0.4291
2022-09-29,93597583,186270615,0.5025
2022-09-30,79372317,168907002,0.4699
2022-10-03,73861033,182320519,0.4051
2022-10-04,80009596,195552073,0.4091
2022-10-05,86806953,166536480,0.5212
2022-10-06,78864687,157218139,0.5016
2022-10-07,90885953,168265983,0.5401
2022-10-10,59724778,159910408,0.3735
2022-10-11,63825818,179493787,0.3556
2022-10-12,52231361,148376857,0.352
2022-10-13,86078325,213461981,0.4032
2022-10-14,72673352,171468773,0.4238
2022-10-17,55891980,163072488,0.3427
2022-10-18,82730490,188627315,0.4386
2022-10-19,65515139,140831911,0.4652
2022-10-20,85145551,172481494,0.4937
2022-10-21,69951564,161030734,0.4344
2022-10-24,89578600,183017620,0.4895
2022-10-25,81939986,178744704,0.4584
2022-10-26,112789787,240789406,0.4684
2022-10-27,121039413,286950673,0.4218
2022-10-28,140178146,331197909,0.4232
2022-10-31,103861918,243050623,0.4273
2022-11-01,105878631,266387828,0.3975
2022-11-02,104122929,242789238,0.4289
2022-11-03,91534039,230866795,0.3965
2022-11-04,104028749,266236327,0.3907
2022-11-07,91784672,224007972,0.4097
2022-11-08,98188483,240116641,0.4089
2022-11-09,99702104,238395031,0.4182
2022-11-10,110567126,287487394,0.3846
2022-11-11,114575642,252126447,0.4544
2022-11-14,106123727,209088156,0.5076
2022-11-15,114543544,226592558,0.5055
2022-11-16,87082908,178438335,0.488
2022-11-17,90550055,182677611,0.4957
2022-11-18,83431302,170765745,0.4886
2022-11-21,78309438,174060783,0.4499
2022-11-22,73159502,159775204,0.4579
2022-11-23,82350708,176498526,0.4666
2022-11-25,45527476,90577632,0.5026
2022-11-28,77988146,174602423,0.4467
2022-11-29,78987310,170154073,0.4642
2022-11-30,90555885,201617642,0.4491
2022-12-01,78233103,172115648,0.4545
2022-12-02,73748957,155543588,0.4741
2022-12-05,70855396,169127865,0.4189
2022-12-06,74693182,178343534,0.4188
2022-12-07,74016031,167626181,0.4416
2022-12-08,81381191,188239072,0.4323
2022-12-09,73642872,174855689,0.4212
2022-12-12,82228599,183989877,0.4469
2022-12-13,102254035,249176483,0.4104
2022-12-14,95185232,213262796,0.4463
2022-12-15,104716241,213341474,0.4908
2022-12-16,100175024,201393497,0.4974
2022-12-19,91341715,212001759,0.4309
2022-12-20,93410295,220512853,0.4236
2022-12-21,94028042,203091496,0.463
2022-12-22,100807210,251742557,0.4004
2022-12-23,88141079,203158076,0.4339
2022-12-27,96589241,228024886,0.4236
2022-12-28,102691549,240642514,0.4267
2022-12-29,109783056,243743267,0.4504
2022-12-30,89289195,205518044,0.4345
2023-01-03,123663400,267792999,0.4618
2023-01-04,112617548,248747439,0.4527
2023-01-05,109530782,220223151,0.4974
2023-01-06,128373622,269387752,0.4765
2023-01-09,116194112,240741090,0.4827
2023-01-10,114052881,225833561,0.505
2023-01-11,114327908,245374577,0.4659
2023-01-12,116745815,240686577,0.4851
2023-01-13,112725560,230223428,0.4896
2023-01-17,129011329,237700505,0.5427
2023-01-18,131581238,247549916,0.5315
2023-01-19,129178837,239599567,0.5391
2023-01-20,116304687,223755873,0.5198
2023-01-23,162697390,287136305,0.5666
2023-01-24,134819388,234260234,0.5755
2023-01-25,165288078,284926098,0.5801
2023-01-26,146311396,259041980,0.5648
2023-01-27,201086498,334726539,0.6007
2023-01-30,157097410,264968021,0.5929
2023-01-31,138528848,245894087,0.5634
2023-02-01,158016927,282399927,0.5596
2023-02-02,211018959,400703483,0.5266
2023-02-03,220109698,388583356,0.5664
2023-02-06,159755395,263258600,0.6068
2023-02-07,179455181,314882448,0.5699
2023-02-08,160266791,282935945,0.5664
2023-02-09,162439528,293296676,0.5538
2023-02-10,139845959,252298339,0.5543
2023-02-13,136043198,245331968,0.5545
2023-02-14,153958990,266198650,0.5784
2023-02-15,131442278,230738174,0.5697
2023-02-16,131852083,247125480,0.5335
2023-02-17,138153955,242109635,0.5706
2023-02-21,113860175,219663431,0.5183
2023-02-22,107954733,225517300,0.4787
2023-02-23,109187825,230022966,0.4747
2023-02-24,100351622,193121474,0.5196
2023-02-27,85757117,185801387,0.4616
2023-02-28,82422359,185667291,0.4439
2023-03-01,86789918,194947344,0.4452
2023-03-02,93134084,203636752,0.4574
2023-03-03,95045753,204587881,0.4646
2023-03-06,92906908,204186091,0.455
2023-03-07,99666588,201626187,0.4943
2023-03-08,91544159,197328266,0.4639
2023-03-09,89080010,207939050,0.4284
2023-03-10,103659900,223638550,0.4635
2023-03-13,84380544,201389745,0.419
2023-03-14,90697398,197699775,0.4588
2023-03-15,100184732,209775562,0.4776
2023-03-16,96567655,223902757,0.4313
2023-03-17,99883971,214686670,0.4653
2023-03-20,101614933,199968269,0.5082
2023-03-21,108871328,217830699,0.4998
2023-03-22,118851729,237721963,0.5
2023-03-23,107872591,211159748,0.5109
2023-03-24,96439908,184488692,0.5227
2023-03-27,97985466,171130773,0.5726
2023-03-28,85767026,150906334,0.5683
2023-03-29,89591891,166108073,0.5394
2023-03-30,80992052,166397857,0.4867
2023-03-31,105116028,204765200,0.5133
2023-04-03,96001949,187400289,0.5123
2023-04-04,78350239,172585524,0.454
2023-04-05,79150732,182908456,0.4327
2023-04-06,86048434,184214512,0.4671
2023-04-10,92477595,185071723,0.4997
2023-04-11,76005532,167883752,0.4527
2023-04-12,96459290,195871939,0.4925
2023-04-13,79475700,179098865,0.4438
2023-04-14,72462151,157008555,0.4615
2023-04-17,86779903,162975251,0.5325
2023-04-18,83266762,160888779,0.5175
2023-04-19,86138928,162388127,0.5305
2023-04-20,109001188,217009883,0.5023
2023-04-21,81669941,180054468,0.4536
2023-04-24,92664772,191341859,0.4843
2023-04-25,80149854,184468009,0.4345
2023-04-26,105208180,232609119,0.4523
2023-04-27,107214050,247042135,0.434
2023-04-28,100726036,224954408,0.4478
2023-05-01,104882196,205247628,0.511
2023-05-02,99403523,197834375,0.5025
2023-05-03,91647839,193265034,0.4742
2023-05-04,77726118,152606206,0.5093
2023-05-05,85383166,187708129,0.4549
2023-05-08,87872964,165565069,0.5307
2023-05-09,76497064,144620688,0.5289
2023-05-10,100039635,198003406,0.5052
2023-05-11,101413480,190802276,0.5315
2023-05-12,105397674,188660376,0.5587
2023-05-15,78950360,159660616,0.4945
2023-05-16,87013503,180464213,0.4822
2023-05-17,94105418,184358192,0.5104
2023-05-18,110844434,196445186,0.5643
2023-05-19,109150631,192356168,0.5674
2023-05-22,101865771,195184756,0.5219
2023-05-23,108207033,203140759,0.5327
2023-05-24,94836284,198618047,0.4775
2023-05-25,86198717,220861073,0.3903
2023-05-26,99976938,235407473,0.4247
2023-05-30,105353708,212805703,0.4951
2023-05-31,111756693,212483311,0.526
2023-06-01,106960888,212166520,0.5041
2023-06-02,117214838,219831373,0.5332
2023-06-05,121958289,233576841,0.5221
2023-06-06,101189394,197920500,0.5113
2023-06-07,133732023,254836079,0.5248
2023-06-08,102043390,202185157,0.5047
2023-06-09,120465089,212712240,0.5663
2023-06-12,102503007,184721585,0.5549
2023-06-13,111305077,207339883,0.5368
2023-06-14,107686417,214029904,0.5031
2023-06-15,106657954,214515456,0.4972
2023-06-16,100628165,207801391,0.4843
2023-06-20,111756180,198228354,0.5638
2023-06-21,127255408,230381163,0.5524
2023-06-22,103138584,215776094,0.478
2023-06-23,108219279,212398458,0.5095
2023-06-26,120398693,230714773,0.5219
2023-06-27,102443304,214177706,0.4783
2023-06-28,101229843,208597830,0.4853
2023-06-29,79459236,168032877,0.4729
2023-06-30,74980381,169881574,0.4414
2023-07-03,67992827,128079252,0.5309
2023-07-05,94019256,170254215,0.5522
2023-07-06,84071075,171291838,0.4908
2023-07-07,72832393,154338863,0.4719
2023-07-10,100914876,188927588,0.5341
2023-07-11,70161824,151354322,0.4636
2023-07-12,75492913,169361353,0.4458
2023-07-13,81573767,177199150,0.4604
2023-07-14,96215183,194416370,0.4949
2023-07-17,101643178,181197762,0.561
2023-07-18,97642331,190363803,0.5129
2023-07-19,107801225,202037231,0.5336
2023-07-20,106531605,210260108,0.5067
2023-07-21,106014815,202833295,0.5227
2023-07-24,81588607,189245742,0.4311
2023-07-25,77474139,163150956,0.4749
2023-07-26,89630315,193721581,0.4627
2023-07-27,92225002,201196983,0.4584
2023-07-28,73215839,161738309,0.4527
2023-07-31,60098553,133061544,0.4517
2023-08-01,57240777,126407566,0.4528
2023-08-02,72611506,160992051,0.451
2023-08-03,74336630,157515203,0.4719
2023-08-04,104566111,225054100,0.4646
2023-08-07,85650870,193774610,0.442
2023-08-08,66843146,163802818,0.4081
2023-08-09,77635045,176868418,0.4389
2023-08-10,73916199,169381151,0.4364
2023-08-11,72008862,153744781,0.4684
2023-08-14,72305706,164765660,0.4388
2023-08-15,68306615,150401057,0.4542
2023-08-16,72369506,165075547,0.4384
2023-08-17,80415748,185774632,0.4329
2023-08-18,79276530,199959663,0.3965
2023-08-21,88566612,183801836,0.4819
2023-08-22,86471578,178958159,0.4832
2023-08-23,75269292,164909349,0.4564
2023-08-24,87864036,184867790,0.4753
2023-08-25,83024534,183063512,0.4535
2023-08-28,79000743,164913365,0.479
2023-08-29,85195204,196809120,0.4329
2023-08-30,93153998,191933652,0.4853
2023-08-31,79634105,167145017,0.4764
2023-09-01,80457599,163978191,0.4907
2023-09-05,70338970,163521488,0.4302
2023-09-06,87007949,180710024,0.4815
2023-09-07,89423333,197540727,0.4527
2023-09-08,82494606,175344922,0.4705
2023-09-11,88695341,208070332,0.4263
2023-09-12,103174331,190313813,0.5421
2023-09-13,93357568,175666181,0.5314
2023-09-14,90260049,167193829,0.5399
2023-09-15,106320577,186520957,0.57
2023-09-18,85090359,160527407,0.5301
2023-09-19,81791342,166525533,0.4912
2023-09-20,77594879,172917629,0.4487
2023-09-21,80256049,192521178,0.4169
2023-09-22,90066773,184994106,0.4869
2023-09-25,72780867,160624917,0.4531
2023-09-26,80469975,183221121,0.4392
2023-09-27,91008321,213441263,0.4264
2023-09-28,76928702,183699823,0.4188
2023-09-29,77405986,179943020,0.4302
2023-10-02,84316724,166163354,0.5074
2023-10-03,84413723,160397471,0.5263
2023-10-04,78995055,162008769,0.4876
2023-10-05,76780562,161418862,0.4757
2023-10-06,80218416,162012065,0.4951
2023-10-09,69263610,149931526,0.462
2023-10-10,66601037,164303647,0.4054
2023-10-11,69208336,153284625,0.4515
2023-10-12,72235780,174743631,0.4134
2023-10-13,69108102,153348814,0.4507
2023-10-16,67153175,139966716,0.4798
2023-10-17,89283184,169768335,0.5259
2023-10-18,79425889,167720581,0.4736
2023-10-19,86102833,186465671,0.4618
2023-10-20,81762274,177325910,0.4611
2023-10-23,85180304,191404303,0.445
2023-10-24,72469177,163590546,0.443
2023-10-25,88263186,203186002,0.4344
2023-10-26,88513059,222556389,0.3977
2023-10-27,84560675,195672801,0.4322
2023-10-30,83754718,191272973,0.4379
2023-10-31,71701289,162895459,0.4402
2023-11-01,78832914,172360457,0.4574
2023-11-02,73186721,169134632,0.4327
2023-11-03,79251424,174326131,0.4546
2023-11-06,80049622,167068883,0.4791
2023-11-07,73155123,167140919,0.4377
2023-11-08,71667504,152585233,0.4697
2023-11-09,86978708,174831592,0.4975
2023-11-10,77308886,173494279,0.4456
2023-11-13,75245176,165020757,0.456
2023-11-14,87537501,179104734,0.4888
2023-11-15,99591543,191330238,0.5205
2023-11-16,82116178,179554282,0.4573
2023-11-17,79897009,181532065,0.4401
2023-11-20,89706357,174082740,0.5153
2023-11-21,85353809,176524329,0.4835
2023-11-22,90888714,185413098,0.4902
2023-11-24,40246186,91642730,0.4392
2023-11-27,72960769,156887052,0.4651
2023-11-28,76058289,171155910,0.4444
2023-11-29,80624781,164520819,0.4901
2023-11-30,78385708,166875592,0.4697
2023-12-01,65181807,156656043,0.4161
2023-12-04,80401049,161621842,0.4975
2023-12-05,91636320,187642322,0.4884
2023-12-06,83335823,155234820,0.5368
2023-12-07,79875604,161962967,0.4932
2023-12-08,73093153,141439141,0.5168
2023-12-11,86417056,154258291,0.5602
2023-12-12,64236418,135800385,0.473
2023-12-13,86618783,192287778,0.4505
2023-12-14,81976336,202308230,0.4052
2023-12-15,78300910,157978972,0.4956
2023-12-18,80697447,171816168,0.4697
2023-12-19,78010832,155467454,0.5018
2023-12-20,81814841,174864653,0.4679
2023-12-21,78447342,148270478,0.5291
2023-12-22,64636032,124069254,0.521
2023-12-26,52412716,110563968,0.474
2023-12-27,68969096,135568345,0.5087
2023-12-28,62076048,127547612,0.4867
2023-12-29,64585164,135886274,0.4753
2024-01-02,78783191,162467797,0.4849
2024-01-03,74191408,160505952,0.4622
2024-01-04,66313774,155726401,0.4258
2024-01-05,68561477,146533793,0.4679
2024-01-08,68627993,144816980,0.4739
2024-01-09,88679609,167768253,0.5286
2024-01-10,85274273,161124211,0.5292
2024-01-11,86007782,172343966,0.499
2024-01-12,80663125,154957750,0.5205
2024-01-16,73360224,164085252,0.4471
2024-01-17,68274647,149190507,0.4576
2024-01-18,77482996,166932212,0.4642
2024-01-19,70573673,161992495,0.4357
2024-01-22,75314446,166146247,0.4533
2024-01-23,61713275,143192043,0.431
2024-01-24,74157429,168612006,0.4398
2024-01-25,88344056,197312363,0.4477
2024-01-26,64225409,140318451,0.4577
2024-01-29,76061484,161629891,0.4706
2024-01-30,76417268,166043146,0.4602
2024-01-31,78863937,179696385,0.4389
2024-02-01,76471219,161940435,0.4722
2024-02-02,110360589,253452319,0.4354
2024-02-05,91445103,213164841,0.429
2024-02-06,73214861,175929099,0.4162
2024-02-07,70742705,158467234,0.4464
2024-02-08,54586703,131966127,0.4136
2024-02-09,61698709,138644031,0.445
2024-02-12,68819233,151753894,0.4535
2024-02-13,66477227,148508443,0.4476
2024-02-14,56651659,134281530,0.4219
2024-02-15,67649110,172403848,0.3924
2024-02-16,65570262,155780684,0.4209
2024-02-20,66783272,158783647,0.4206
2024-02-21,61964090,151686163,0.4085
2024-02-22,65673620,163821104,0.4009
2024-02-23,64242743,150602986,0.4266
2024-02-26,61179624,163738398,0.3736
2024-02-27,65988494,152991138,0.4313
2024-02-28,59310329,141154790,0.4202
2024-02-29,55152427,131334508,0.4199
2024-03-01,55564084,142634031,0.3896
2024-03-04,79328272,195738520,0.4053
2024-03-05,72318961,179090055,0.4038
2024-03-06,61362370,157592069,0.3894
2024-03-07,62812890,159640259,0.3935
2024-03-08,65941539,174606877,0.3777
2024-03-11,50479043,145448045,0.3471
2024-03-12,64230609,145325401,0.442
2024-03-13,62576143,140787317,0.4445
2024-03-14,72834038,175013809,0.4162
2024-03-15,62932120,153347254,0.4104
2024-03-18,65311790,170600464,0.3828
2024-03-19,58649670,132598672,0.4423
2024-03-20,53244600,126234160,0.4218
2024-03-21,58270252,147876774,0.394
2024-03-22,52658809,130895750,0.4023
2024-03-25,50660456,120876950,0.4191
2024-03-26,58272311,136567449,0.4267
2024-03-27,56728959,135309124,0.4193
2024-03-28,48545587,119513590,0.4062
2024-04-01,50487262,124010948,0.4071
2024-04-02,65715064,135045722,0.4866
2024-04-03,50032264,119536104,0.4186
2024-04-04,70491789,164227331,0.4292
2024-04-05,70743656,154303237,0.4585
2024-04-08,54773520,124760571,0.439
2024-04-09,62586293,147907173,0.4231
2024-04-10,55394847,123327696,0.4492
2024-04-11,67185973,155886439,0.431
2024-04-12,61990547,138942021,0.4462
2024-04-15,58915872,144792147,0.4069
2024-04-16,57841559,137152674,0.4217
2024-04-17,54590648,131540848,0.415
2024-04-18,51116884,135280096,0.3779
2024-04-19,58458257,167114591,0.3498
2024-04-22,53002937,146755004,0.3612
2024-04-23,54892393,135883589,0.404
2024-04-24,93247332,185821104,0.5018
2024-04-25,85916840,197950933,0.434
2024-04-26,85211353,185797673,0.4586
2024-04-29,126502931,241089224,0.5247
2024-04-30,91926893,174978108,0.5254
2024-05-01,85282583,179335492,0.4755
2024-05-02,74808797,151470507,0.4939
2024-05-03,80001856,174304648,0.459
2024-05-06,71528761,143732438,0.4977
2024-05-07,66108002,137720761,0.48
2024-05-08,53142484,107251370,0.4955
2024-05-09,58698949,117957496,0.4976
2024-05-10,56133191,115043298,0.4879
2024-05-13,51185796,114473775,0.4471
2024-05-14,58923865,119975508,0.4911
2024-05-15,67020078,135389583,0.495
2024-05-16,48723834,106027168,0.4595
2024-05-17,51382596,104051930,0.4938
2024-05-20,51026580,102399981,0.4983
2024-05-21,71214842,143159564,0.4975
2024-05-22,59521269,119170960,0.4995
2024-05-23,60001564,135672264,0.4423
2024-05-24,45392524,102287676,0.4438
2024-05-28,53436917,118056216,0.4526
2024-05-29,52211454,110142124,0.474
2024-05-30,56468317,120023978,0.4705
2024-05-31,53017513,122795665,0.4318
2024-06-03,52849100,110380217,0.4788
2024-06-04,47182970,96903678,0.4869
2024-06-05,50808453,111024205,0.4576
2024-06-06,52531408,115339411,0.4555
2024-06-07,46759470,100858784,0.4636
2024-06-10,130390899,272784307,0.478
2024-06-11,116322774,259816261,0.4477
2024-06-12,143831660,328809066,0.4374
2024-06-13,122402634,261739871,0.4676
2024-06-14,123099718,257714432,0.4777
2024-06-17,141892685,275235419,0.5155
2024-06-18,125640694,262672354,0.4783
2024-06-20,160036135,351651966,0.4551
2024-06-21,135190735,331861635,0.4074
2024-06-24,140863274,353098629,0.3989
2024-06-25,144427505,309411463,0.4668
2024-06-26,153365806,309882440,0.4949
2024-06-27,125524020,256910706,0.4886
2024-06-28,130563344,276482816,0.4722
2024-07-01,138525456,299451900,0.4626
2024-07-02,149506644,293272370,0.5098
2024-07-03,123626858,253164724,0.4883
2024-07-05,129332982,269611692,0.4797
2024-07-08,153999561,292809641,0.5259
2024-07-09,169039409,317541783,0.5323
2024-07-10,146925867,264639227,0.5552
2024-07-11,214285100,380364714,0.5634
2024-07-12,143193718,278823323,0.5136
2024-07-15,136095751,260107648,0.5232
2024-07-16,125694356,259313922,0.4847
2024-07-17,148029509,329538729,0.4492
2024-07-18,152513011,319311213,0.4776
2024-07-19,108867674,210929284,0.5161
2024-07-22,108115666,247897330,0.4361
2024-07-23,100222588,203596328,0.4923
2024-07-24,151108432,320997619,0.4707
2024-07-25,142015021,371992409,0.3818
2024-07-26,135923071,281726023,0.4825
2024-07-29,134656070,277756215,0.4848
2024-07-30,157317524,372641049,0.4222
2024-07-31,144049046,314161286,0.4585
2024-08-01,183940976,397857675,0.4623
2024-08-02,211688361,419839930,0.5042
2024-08-05,153392301,381880890,0.4017
2024-08-06,124269251,300435524,0.4136
2024-08-07,147021805,332501600,0.4422
2024-08-08,131935144,310206341,0.4253
2024-08-09,129580623,263406956,0.4919
2024-08-12,133454043,278404627,0.4794
2024-08-13,124050542,262153029,0.4732
2024-08-14,136704724,286081588,0.4779
2024-08-15,121248106,281234467,0.4311
2024-08-16,137270392,273413952,0.5021
2024-08-19,155593920,267276500,0.5821
2024-08-20,151573587,260951422,0.5808
2024-08-21,132339140,251120899,0.527
2024-08-22,175264796,301120825,0.582
2024-08-23,142032644,266747544,0.5325
2024-08-26,155832130,259210300,0.6012
2024-08-27,148676994,255321244,0.5823
2024-08-28,178805166,306700493,0.583
2024-08-29,183283302,329120581,0.5569
2024-08-30,122343940,263864776,0.4637
2024-09-03,191764478,346484169,0.5535
2024-09-04,161534264,288188429,0.5605
2024-09-05,174221281,285957447,0.6093
2024-09-06,194977088,338319317,0.5763
2024-09-09,129288562,257325359,0.5024
2024-09-10,149727247,257797167,0.5808
2024-09-11,204096777,342807327,0.5954
2024-09-12,169617012,298669032,0.5679
2024-09-13,118348411,216192913,0.5474
2024-09-16,98483800,227541134,0.4328
2024-09-17,97604202,222690369,0.4383
2024-09-18,145658551,271885602,0.5357
2024-09-19,126384475,265577524,0.4759
2024-09-20,145973175,259091926,0.5634
2024-09-23,95500870,207217017,0.4609
2024-09-24,121880325,278343354,0.4379
2024-09-25,112063535,242028938,0.463
2024-09-26,103567258,240263370,0.4311
2024-09-27,100638890,228206117,0.441
2024-09-30,88175967,206789745,0.4264
2024-10-01,113543871,270087122,0.4204
2024-10-02,87049072,201003927,0.4331
2024-10-03,106777399,237186029,0.4502
2024-10-04,95316768,218581416,0.4361
2024-10-07,127058186,274890154,0.4622
2024-10-08,106119858,225924430,0.4697
2024-10-09,122341370,221960246,0.5512
2024-10-10,127528133,219761992,0.5803
2024-10-11,105189350,191921826,0.5481
2024-10-14,82658178,202209968,0.4088
2024-10-15,125839046,277726403,0.4531
2024-10-16,90706760,211724550,0.4284
2024-10-17,95045153,223158484,0.4259
2024-10-18,68827415,153006488,0.4498
2024-10-21,88595669,201369387,0.44
2024-10-22,84675513,189747473,0.4463
2024-10-23,114589079,239469702,0.4785
2024-10-24,113655513,221582516,0.5129
2024-10-25,129030912,239706207,0.5383
2024-10-28,90663381,192045131,0.4721
2024-10-29,71987915,172339798,0.4177
2024-10-30,79148316,189251489,0.4182
2024-10-31,106296116,245191065,0.4335
2024-11-01,94755906,224359795,0.4223
2024-11-04,89913591,191702514,0.469
2024-11-05,64806690,158271699,0.4095
2024-11-06,105163952,250715940,0.4195
2024-11-07,111517382,212378941,0.5251
2024-11-08,132624240,235523678,0.5631
2024-11-11,108535312,236680929,0.4586
2024-11-12,103527676,223154127,0.4639
2024-11-13,102056935,201076959,0.5076
2024-11-14,112609333,214899977,0.524
2024-11-15,129487446,244121048,0.5304
2024-11-18,84060802,208090426,0.404
2024-11-19,85329898,207200037,0.4118
2024-11-20,97054055,210758701,0.4605
2024-11-21,144555822,310937680,0.4649
2024-11-22,116847461,223232215,0.5234
2024-11-25,100114569,227504627,0.4401
2024-11-26,70587531,177736299,0.3971
2024-11-27,77925203,182301662,0.4275
2024-11-29,48438832,128352914,0.3774
2024-12-02,70994064,166477716,0.4264
2024-12-03,70080089,152436358,0.4597
2024-12-04,96175364,196176409,0.4902
2024-12-05,74144022,177702212,0.4172
2024-12-06,77862874,178640011,0.4359
2024-12-09,77780882,179228171,0.434
2024-12-10,94422522,206148237,0.458
2024-12-11,107419322,205441827,0.5229
2024-12-12,93804812,168177542,0.5578
2024-12-13,107248226,206081904,0.5204
2024-12-16,113283936,221474968,0.5115
2024-12-17,121254131,236335939,0.5131
2024-12-18,134664153,255583112,0.5269
2024-12-19,116535595,207039176,0.5629
2024-12-20,111717660,229651980,0.4865
2024-12-23,83262860,163172935,0.5103
2024-12-24,59076694,111738408,0.5287
2024-12-26,72080078,132540184,0.5438
2024-12-27,80456371,163206746,0.493
2024-12-30,62853922,153705822,0.4089
2024-12-31,68884002,151558500,0.4545
2025-01-02,84901914,203885139,0.4164
2025-01-03,76352582,190302674,0.4012
2025-01-06,100481938,218106102,0.4607
2025-01-07,132614225,249810370,0.5309
2025-01-08,93934009,185298101,0.5069
2025-01-10,103225813,188998655,0.5462
2025-01-13,71096873,173175929,0.4105
2025-01-14,82313199,183229598,0.4492
2025-01-15,60973665,166912366,0.3653
2025-01-16,83486084,183392713,0.4552
2025-01-17,81226698,197468407,0.4113
2025-01-21,96686053,203207129,0.4758
2025-01-22,96726049,201085062,0.481
2025-01-23,82400942,156454510,0.5267
2025-01-24,92670249,192927727,0.4803
2025-01-27,193472625,447037789,0.4328
2025-01-28,156243503,341748405,0.4572
2025-01-29,129563470,279898668,0.4629
2025-01-30,151330405,304259898,0.4974
2025-01-31,159226447,311935913,0.5104
2025-02-03,110275193,289614223,0.3808
2025-02-04,87458985,215074827,0.4066
2025-02-05,105802831,233975080,0.4522
2025-02-06,88424325,221870153,0.3985
2025-02-07,111311975,233962022,0.4758
2025-02-10,83513612,193586153,0.4314
2025-02-11,89004492,208065819,0.4278
2025-02-12,80042581,176265201,0.4541
2025-02-13,89678228,192241765,0.4665
2025-02-14,85971909,182211848,0.4718
2025-02-18,89250346,186330989,0.479
2025-02-19,86190164,173847036,0.4958
2025-02-20,67551856,145688641,0.4637
2025-02-21,105193282,216275338,0.4864
2025-02-24,98661888,214499010,0.46
2025-02-25,99584108,279999033,0.3557
2025-02-26,118565001,244568055,0.4848
2025-02-27,153122081,309458112,0.4948
2025-02-28,130026598,283358008,0.4589
2025-03-03,133326480,332707664,0.4007
2025-03-04,107065593,327959826,0.3265
2025-03-05,96728206,241651885,0.4003
2025-03-06,118961950,265380773,0.4483
2025-03-07,125148825,291629090,0.4291
2025-03-10,131174686,350085921,0.3747
2025-03-11,108842833,310033529,0.3511
2025-03-12,129434223,284592510,0.4548
2025-03-13,132891382,272355860,0.4879
2025-03-14,123488935,243426215,0.5073
2025-03-17,115700177,245787890,0.4707
2025-03-18,138654642,272287441,0.5092
2025-03-19,118553631,250752919,0.4728
2025-03-20,111652125,223754692,0.499
2025-03-21,99888865,229812999,0.4347
2025-03-24,102827657,241239303,0.4262
2025-03-25,95599801,211214718,0.4526
2025-03-26,124290108,274600901,0.4526
2025-03-27,109244959,244528439,0.4468
2025-03-28,118713768,245461718,0.4836
2025-03-31,106517592,285416550,0.3732
2025-04-01,121015297,248362928,0.4873
2025-04-02,150408901,269840054,0.5574
2025-04-03,181259589,346751194,0.5227
2025-04-04,184057183,459818534,0.4003
2025-04-07,182395825,481342063,0.3789
2025-04-08,203197688,413608089,0.4913
2025-04-09,231610601,513145552,0.4514
2025-04-10,209191777,400906224,0.5218
2025-04-11,148902433,293674812,0.507
2025-04-14,139593381,279776808,0.4989
2025-04-15,97328012,222013910,0.4384
2025-04-16,134473921,305631211,0.44
2025-04-17,117925919,246363539,0.4787
2025-04-21,91447280,241013180,0.3794
2025-04-22,95144156,237903158,0.3999
2025-04-23,116751292,261460025,0.4465
2025-04-24,103067205,214563859,0.4804
2025-04-25,145645027,285133510,0.5108
2025-04-28,116751311,236274822,0.4941
2025-04-29,93672291,205017836,0.4569
2025-04-30,102173016,226437722,0.4512
2025-05-01,123390679,257060335,0.48
2025-05-02,131629087,260123998,0.506
2025-05-05,93818961,182210754,0.5149
2025-05-06,80438521,164784800,0.4881
2025-05-07,113120834,244998117,0.4617
2025-05-08,108016488,219370465,0.4924
2025-05-09,97854167,194169556,0.504
2025-05-12,93034155,248263534,0.3747
2025-05-13,126194720,300784411,0.4196
2025-05-14,138357962,261518881,0.5291
2025-05-15,123246292,229521867,0.537
2025-05-16,111127964,205454822,0.5409
2025-05-19,101883475,187390864,0.5437
2025-05-20,117939073,212868186,0.554
2025-05-21,155582311,276398209,0.5629
2025-05-22,117031347,213842318,0.5473
2025-05-23,108788700,198087777,0.5492
2025-05-27,99835948,211790514,0.4714
2025-05-28,109240757,212459532,0.5142
2025-05-29,149198968,281534290,0.5299
2025-05-30,137637958,248411553,0.5541
2025-06-02,94150128,176743841,0.5327
2025-06-03,112696803,213993742,0.5266
2025-06-04,104478788,185904766,0.562
2025-06-05,146281506,310535254,0.4711
2025-06-06,96792741,201934413,0.4793
2025-06-09,104774224,221264705,0.4735
2025-06-10,99712184,219759100,0.4537
2025-06-11,106379236,208014924,0.5114
2025-06-12,93659516,179945930,0.5205
2025-06-13,106962432,202527178,0.5281
2025-06-16,77661736,169806306,0.4574
2025-06-17,77089557,159132846,0.4844
2025-06-18,83330141,173988605,0.4789
2025-06-20,106358265,218445666,0.4869
2025-06-23,104443964,234601569,0.4452
2025-06-24,81026482,197106857,0.4111
2025-06-25,83324042,233205306,0.3573
2025-06-26,78637058,203126394,0.3871
2025-06-27,118085665,232253775,0.5084
2025-06-30,90779311,208748068,0.4349
2025-07-01,102892974,242869609,0.4237
2025-07-02,89909381,204274821,0.4401
2025-07-03,58050506,144194519,0.4026
2025-07-07,99038084,182871278,0.5416
2025-07-08,83168862,177168230,0.4694
2025-07-09,96481716,193950793,0.4975
2025-07-10,48413194,100002311,0.4841
2025-07-11,100286332,189241760,0.5299
2025-07-14,75247255,154321104,0.4876
2025-07-15,99260648,193602409,0.5127
2025-07-16,86515649,179360869,0.4824
2025-07-17,83091886,166312487,0.4996
2025-07-18,73433528,161187808,0.4556
2025-07-21,85673697,158521564,0.5405
2025-07-22,103677985,192377237,0.5389
2025-07-23,92417495,168486008,0.5485
2025-07-24,111654413,214970217,0.5194
2025-07-25,94782131,196974976,0.4812
2025-07-28,71806752,173904336,0.4129
2025-07-29,86722886,190804607,0.4545
2025-07-30,91540579,184234776,0.4969
2025-07-31,119453244,259137843,0.461
2025-08-01,126330140,270419954,0.4672
2025-08-04,95737506,200928405,0.4765
2025-08-05,93230874,177384492,0.5256
2025-08-06,90205989,189159986,0.4769
2025-08-07,93588136,188984015,0.4952
2025-08-08,97794845,200042501,0.4889
2025-08-11,96421445,183867844,0.5244
2025-08-12,92534115,173283457,0.534
2025-08-13,103255491,187738708,0.55
2025-08-14,92893793,166650151,0.5574
2025-08-15,82937195,162510250,0.5104
2025-08-18,76605118,146504515,0.5229
2025-08-19,97738903,187582424,0.521
2025-08-20,87925326,208537264,0.4216
2025-08-21,70013501,145589931,0.4809
2025-08-22,100017856,198654734,0.5035
2025-08-25,85135291,179197145,0.4751
2025-08-26,78138282,159186240,0.4909
2025-08-27,87519288,168235050,0.5202
2025-08-28,112339155,215724089,0.5208
2025-08-29,97438968,202518357,0.4811
2025-09-02,77455184,196097590,0.395
2025-09-03,105135048,212823112,0.494
2025-09-04,78303193,168686851,0.4642
2025-09-05,105411189,229745795,0.4588
2025-09-08,74822311,173300682,0.4317
2025-09-09,82101754,172864730,0.4749
2025-09-10,97318847,222352340,0.4377
2025-09-11,86054340,176251649,0.4882
2025-09-12,104052780,196643550,0.5291
2025-09-15,93168705,208796172,0.4462
2025-09-16,79718523,177921175,0.4481
2025-09-17,92046883,210307914,0.4377
2025-09-18,84674673,176548422,0.4796
2025-09-19,77109085,186474096,0.4135
2025-09-22,109014778,253148649,0.4306
2025-09-23,86347757,203313188,0.4247
2025-09-24,67331638,168964645,0.3985
2025-09-25,83660972,202403710,0.4133
2025-09-26,66953765,165211850,0.4053
2025-09-29,55643023,167749109,0.3317
2025-09-30,63924872,193273478,0.3307
2025-10-01,66012224,184616537,0.3576
2025-10-02,79533527,186919565,0.4255
2025-10-03,71320562,191870779,0.3717
2025-10-06,58673461,170512094,0.3441
2025-10-07,57762675,166175962,0.3476
2025-10-08,56009470,144843272,0.3867
2025-10-09,85219860,181091084,0.4706
2025-10-10,100519850,236346287,0.4253
2025-10-13,58319224,157013669,0.3714
2025-10-14,66384155,174784133,0.3798
2025-10-15,73104574,187611206,0.3897
2025-10-16,71024511,175820920,0.404
2025-10-17,82481501,186528693,0.4422
2025-10-20,67097312,165708114,0.4049
2025-10-21,65188243,162961174,0.4
2025-10-22,64330333,175582846,0.3664
2025-10-23,69446460,157657931,0.4405
2025-10-24,71413512,160052378,0.4462
2025-10-27,76159547,176151896,0.4324
2025-10-28,107716864,245445256,0.4389
2025-10-29,115109633,253243932,0.4545
2025-10-30,101833071,250169865,0.4071
2025-10-31,100118140,260469748,0.3844
2025-11-03,96082165,222260273,0.4323
2025-11-04,74540640,187665932,0.3972
2025-11-05,68376057,175827635,0.3889
2025-11-06,92684563,229610051,0.4037
2025-11-07,91247982,244151331,0.3737
2025-11-10,80865854,191950912,0.4213
2025-11-11,68447227,161457350,0.4239
2025-11-12,69684605,166154230,0.4194
2025-11-13,89036484,211508741,0.421
2025-11-14,82820033,202222480,0.4095
2025-11-17,78666125,204123863,0.3854
2025-11-18,75039575,222715743,0.3369
2025-11-19,84963379,225737860,0.3764
2025-11-20,140795270,307541631,0.4578
2025-11-21,127495355,306352437,0.4162
2025-11-24,94202120,227002304,0.415
2025-11-25,126666325,283605376,0.4466
2025-11-26,82727711,180704119,0.4578
2025-11-28,49918866,120011477,0.416
2025-12-01,82153652,174853751,0.4698
2025-12-02,100386402,196528180,0.5108
2025-12-03,95291964,176107778,0.5411
2025-12-04,79638081,190303033,0.4185
2025-12-05,68685718,150510196,0.4564
2025-12-08,74429852,184492361,0.4034
2025-12-09,58466569,143920586,0.4062
2025-12-10,72293351,166986681,0.4329
2025-12-11,72973824,168306309,0.4336
2025-12-12,83186148,197897545,0.4203
2025-12-15,77689343,187599427,0.4141
2025-12-16,69230749,176330271,0.3926
2025-12-17,90238190,214241873,0.4212
2025-12-18,72681395,193383378,0.3758
2025-12-19,89142092,215374530,0.4139
2025-12-22,55022055,150638039,0.3653
2025-12-23,58113907,156727144,0.3708
2025-12-24,35238533,84755602,0.4158
2025-12-26,53636715,129849160,0.4131
2025-12-29,45843359,128104761,0.3579
2025-12-30,42347567,120325286,0.3519
2025-12-31,45938199,120510364,0.3812
2026-01-02,74927466,183045471,0.4093
2026-01-05,82285661,189205977,0.4349
2026-01-06,84683302,202223815,0.4188
2026-01-07,74196337,175800137,0.422
2026-01-08,73435872,174530847,0.4208
2026-01-09,63671647,154295708,0.4127
2026-01-12,62257209,153667936,0.4051
2026-01-13,66061712,174381404,0.3788
2026-01-14,59064880,159022412,0.3714
2026-01-15,59500905,170793580,0.3484
2026-01-16,63551705,168819157,0.3764
2026-01-20,69067774,197336266,0.35
2026-01-21,68471667,201036063,0.3406
2026-01-22,66526628,162077216,0.4105
2026-01-23,65746256,160037280,0.4108
2026-01-26,67435650,148022912,0.4556
2026-01-27,66627801,149879975,0.4445
2026-01-28,69123299,155496771,0.4445
2026-01-29,100145878,250916187,0.3991
2026-01-30,84501718,197018046,0.4289
2026-02-02,71831708,175690485,0.4089
2026-02-03,74452050,206133808,0.3612
2026-02-04,75964336,215317707,0.3528
2026-02-05,88824173,239635977,0.3707
2026-02-06,114165702,271613881,0.4203
2026-02-09,83134858,201457835,0.4127
2026-02-10,71192259,161869286,0.4398
2026-02-11,77899436,183044891,0.4256
2026-02-12,79078264,198225681,0.3989
2026-02-13,63560467,173484550,0.3664
2026-02-17,71823889,184471393,0.3893
2026-02-18,64570611,148172070,0.4358
2026-02-19,58871443,135215270,0.4354
2026-02-20,74563752,172752405,0.4316
2026-02-23,69018460,173246922,0.3984
2026-02-24,61723345,156947136,0.3933
2026-02-25,69455093,167786961,0.4139
2026-02-26,105404989,242062512,0.4354
2026-02-27,66129824,196663460,0.3363
2026-03-02,68882261,166062002,0.4148
2026-03-03,62254500,168793919,0.3688
2026-03-04,67559669,164821722,0.4099
2026-03-05,74688215,183835334,0.4063
2026-03-06,67311778,160611431,0.4191
2026-03-09,59907804,162989903,0.3676
2026-03-10,65248166,151784990,0.4299
2026-03-11,49557784,131548161,0.3767
2026-03-12,62739731,145782657,0.4304
2026-03-13,64497699,157650014,0.4091
2026-03-16,64837309,168964517,0.3837
2026-03-17,64532035,154244987,0.4184
2026-03-18,55440058,141708888,0.3912
2026-03-19,55732332,152221526,0.3661
2026-03-20,65017679,177925406,0.3654
2026-03-23,57074325,152550302,0.3741
2026-03-24,57872890,147190085,0.3932
2026-03-25,60685921,148259831,0.4093
2026-03-26,68987567,176035465,0.3919
2026-03-27,63663709,187752979,0.3391
2026-03-30,54220591,168001189,0.3227
2026-03-31,82453254,193762802,0.4255
2026-04-01,71813742,153094773,0.4691
2026-04-02,69848481,144939637,0.4819
2026-04-06,54165119,131177885,0.4129
2026-04-07,69294581,153382949,0.4518
2026-04-08,74974830,178510464,0.42
2026-04-09,75151770,159565127,0.471
2026-04-10,70754362,156459960,0.4522
2026-04-13,67778542,144544509,0.4689
2026-04-14,92318732,184941489,0.4992
2026-04-15,111953955,213212387,0.5251
2026-04-16,76474496,159209426,0.4803
2026-04-17,99556998,189637656,0.525
2026-04-20,69047445,142451449,0.4847
2026-04-21,68068148,147756179,0.4607
2026-04-22,63048678,127680790,0.4938
2026-04-23,75551959,152528119,0.4953
2026-04-24,89660008,186462519,0.4808
2026-04-27,80436750,182178375,0.4415
2026-04-28,68330060,167294518,0.4084
2026-04-29,55792070,145589297,0.3832
2026-04-30,102224668,265962998,0.3844
2026-05-01,73141327,176172202,0.4152
2026-05-04,60179985,151125831,0.3982
2026-05-05,52958734,133197598,0.3976
2026-05-06,57361789,164666908,0.3484
2026-05-07,69459785,168596987,0.412
2026-05-08,53481790,141770820,0.3772
2026-05-11,69879313,166939098,0.4186
2026-05-12,63641665,153137441,0.4156
2026-05-13,66658297,155242739,0.4294
2026-05-14,63849507,151967872,0.4202
2026-05-15,67680669,155754807,0.4345
2026-05-18,48329957,140419517,0.3442
2026-05-19,52438723,141598324,0.3703
2026-05-20,49253023,138355889,0.356
2026-05-21,68177476,162809972,0.4188
2026-05-22,60298631,145729718,0.4138
2026-05-26,51021273,146196892,0.349
2026-05-27,61818684,153797202,0.4019
2026-05-28,43966393,133622000,0.329
2026-05-29,61661934,154243149,0.3998
2026-06-01,58350721,178313429,0.3272
2026-06-02,70573461,176993450,0.3987
2026-06-03,70024368,174424740,0.4015
2026-06-04,61730393,153606755,0.4019
2026-06-05,70351416,186716760,0.3768
2026-06-08,56289844,146718795,0.3837
2026-06-09,72192421,182072596,0.3965
2026-06-10,60227378,151408633,0.3978
2026-06-11,51694081,150643960,0.3432
2026-06-12,54601746,142295431,0.3837
2026-06-15,44470577,129171117,0.3443
2026-06-16,42229335,114818021,0.3678
2026-06-17,51049536,130857020,0.3901
2026-06-18,47283985,145269156,0.3255
2026-06-22,55724635,153157160,0.3638
2026-06-23,46659656,134264946,0.3475
2026-06-24,47938607,142545641,0.3363
2026-06-25,56953645,197983919,0.2877
2026-06-26,65101682,196011295,0.3321
2026-06-29,65603090,171991388,0.3814
2026-06-30,65019161,142754421,0.4555
2026-07-01,66670955,157774748,0.4226
2026-07-02,70637660,165292969,0.4273
2026-07-06,47210573,117004659,0.4035
2026-07-07,57410424,130775412,0.439
2026-07-08,51051463,126463849,0.4037
2026-07-09,52416461,131696224,0.398
2026-07-10,60498877,141327591,0.4281
2026-07-13,43160224,117091941,0.3686
2026-07-14,38775040,105319544,0.3682
2026-07-15,59592715,139762583,0.4264
2026-07-16,65137819,143250834,0.4547
2026-07-17,59560458,139111947,0.4281
